{"type":"FeatureCollection","features":[{"type":"Feature","id":1,"properties":{"fid":1,"Hazard":1,"Train_Test":"Training","roads":50,"rivers":250,"ndvi":0.1318,"faults":9999,"profile":0,"plan":0,"dusaf":11,"dtm":1023},"geometry":{"type":"Point","coordinates":[9.851329841255817,46.273310334883476]}},{"type":"Feature","id":2,"properties":{"fid":2,"Hazard":1,"Train_Test":"Training","aspect":225,"roads":9999,"rivers":9999,"ndvi":0.5721,"faults":500,"profile":-0.00891,"plan":0.03536,"dusaf":11,"dtm":1632},"geometry":{"type":"Point","coordinates":[9.84123233168273,46.308335362923025]}},{"type":"Feature","id":3,"properties":{"fid":3,"Hazard":1,"Train_Test":"Training","aspect":333.43494,"roads":9999,"rivers":9999,"ndvi":0.20019,"faults":50,"profile":0.01115,"plan":0.03578,"dusaf":3,"dtm":2119},"geometry":{"type":"Point","coordinates":[9.8785408903161,46.29257567604898]}},{"type":"Feature","id":4,"properties":{"fid":4,"Hazard":1,"Train_Test":"Training","aspect":341.56506,"roads":9999,"rivers":9999,"ndvi":0.61528,"faults":500,"profile":0.01734,"plan":0.06325,"dusaf":3,"dtm":1963},"geometry":{"type":"Point","coordinates":[9.872872076612152,46.29644214458913]}},{"type":"Feature","id":5,"properties":{"fid":5,"Hazard":1,"Train_Test":"Training","aspect":315,"roads":9999,"rivers":9999,"ndvi":-0.11143,"faults":50,"profile":0,"plan":0,"dusaf":3,"dtm":2661},"geometry":{"type":"Point","coordinates":[9.828406697441038,46.335296394574065]}},{"type":"Feature","id":6,"properties":{"fid":6,"Hazard":1,"Train_Test":"Training","roads":250,"rivers":100,"ndvi":0.63644,"faults":250,"profile":0,"plan":0,"dusaf":3,"dtm":1410},"geometry":{"type":"Point","coordinates":[9.830057518238949,46.30364654722462]}},{"type":"Feature","id":7,"properties":{"fid":7,"Hazard":1,"Train_Test":"Training","aspect":243.43495,"roads":50,"rivers":250,"ndvi":0.67707,"faults":9999,"profile":-0.03346,"plan":-0.10733,"dusaf":3,"dtm":1239},"geometry":{"type":"Point","coordinates":[9.842615060678487,46.28641874087004]}},{"type":"Feature","id":8,"properties":{"fid":8,"Hazard":1,"Train_Test":"Training","aspect":288.43494,"roads":9999,"rivers":9999,"ndvi":0.47213,"faults":250,"profile":0.02254,"plan":0.04427,"dusaf":3,"dtm":1798},"geometry":{"type":"Point","coordinates":[9.855964347485731,46.289469268873326]}},{"type":"Feature","id":9,"properties":{"fid":9,"Hazard":1,"Train_Test":"Training","aspect":315,"roads":500,"rivers":9999,"ndvi":0.69378,"faults":9999,"profile":0.01941,"plan":0.14142,"dusaf":2,"dtm":1629},"geometry":{"type":"Point","coordinates":[9.850781334829234,46.30486795319637]}},{"type":"Feature","id":10,"properties":{"fid":10,"Hazard":1,"Train_Test":"Training","aspect":213.69006,"roads":9999,"rivers":9999,"ndvi":0.62319,"faults":9999,"profile":0.01153,"plan":0.01707,"dusaf":3,"dtm":2012},"geometry":{"type":"Point","coordinates":[9.876484246669309,46.30341068882522]}},{"type":"Feature","id":11,"properties":{"fid":11,"Hazard":1,"Train_Test":"Training","aspect":303.69006,"roads":500,"rivers":9999,"ndvi":0.51692,"faults":100,"profile":0.02177,"plan":0.09387,"dusaf":2,"dtm":1813},"geometry":{"type":"Point","coordinates":[9.855385133085997,46.29741280974058]}},{"type":"Feature","id":12,"properties":{"fid":12,"Hazard":1,"Train_Test":"Training","aspect":341.56506,"roads":250,"rivers":9999,"ndvi":0.60471,"faults":9999,"profile":0.01734,"plan":0.06325,"dusaf":3,"dtm":1624},"geometry":{"type":"Point","coordinates":[9.848109683996203,46.30316677927884]}},{"type":"Feature","id":13,"properties":{"fid":13,"Hazard":1,"Train_Test":"Training","aspect":180,"roads":9999,"rivers":9999,"ndvi":0.32858,"faults":9999,"profile":0,"plan":0,"dusaf":3,"dtm":2190},"geometry":{"type":"Point","coordinates":[9.770356164554526,46.32323778056093]}},{"type":"Feature","id":14,"properties":{"fid":14,"Hazard":1,"Train_Test":"Training","aspect":315,"roads":500,"rivers":100,"ndvi":0.77653,"faults":500,"profile":-0.01941,"plan":-0.14142,"dusaf":3,"dtm":1562},"geometry":{"type":"Point","coordinates":[9.802269775123014,46.31599486784997]}},{"type":"Feature","id":15,"properties":{"fid":15,"Hazard":1,"Train_Test":"Training","aspect":108.43495,"roads":50,"rivers":250,"ndvi":0.2787,"faults":9999,"profile":0.01734,"plan":0.06325,"dusaf":11,"dtm":973},"geometry":{"type":"Point","coordinates":[9.851415654948026,46.267897089443764]}},{"type":"Feature","id":16,"properties":{"fid":16,"Hazard":1,"Train_Test":"Training","aspect":296.56506,"roads":250,"rivers":9999,"ndvi":0.63167,"faults":250,"profile":-0.00372,"plan":0.10733,"dusaf":3,"dtm":1771},"geometry":{"type":"Point","coordinates":[9.853443664955925,46.29823514586122]}},{"type":"Feature","id":17,"properties":{"fid":17,"Hazard":1,"Train_Test":"Training","aspect":225,"roads":500,"rivers":9999,"ndvi":0.7114,"faults":9999,"profile":-0.01941,"plan":-0.14142,"dusaf":2,"dtm":1617},"geometry":{"type":"Point","coordinates":[9.8451973508319,46.30368793206688]}},{"type":"Feature","id":18,"properties":{"fid":18,"Hazard":1,"Train_Test":"Training","aspect":296.56506,"roads":9999,"rivers":9999,"ndvi":0.31868,"faults":500,"profile":-0.00372,"plan":0.10733,"dusaf":3,"dtm":1962},"geometry":{"type":"Point","coordinates":[9.861978868339571,46.29346021466596]}},{"type":"Feature","id":19,"properties":{"fid":19,"Hazard":1,"Train_Test":"Training","aspect":161.56505,"roads":9999,"rivers":9999,"ndvi":0.0951,"faults":100,"profile":-0.02774,"plan":-0.0253,"dusaf":3,"dtm":2261},"geometry":{"type":"Point","coordinates":[9.82443995036164,46.32888011782537]}},{"type":"Feature","id":20,"properties":{"fid":20,"Hazard":1,"Train_Test":"Training","aspect":180,"roads":9999,"rivers":9999,"ndvi":0.21216,"faults":500,"profile":0,"plan":0,"dusaf":3,"dtm":2352},"geometry":{"type":"Point","coordinates":[9.79576631444182,46.32936601293426]}},{"type":"Feature","id":21,"properties":{"fid":21,"Hazard":1,"Train_Test":"Training","aspect":135,"roads":9999,"rivers":9999,"ndvi":0.18451,"faults":250,"profile":0.03883,"plan":0,"dusaf":3,"dtm":2520},"geometry":{"type":"Point","coordinates":[9.873926389021875,46.31173793847816]}},{"type":"Feature","id":22,"properties":{"fid":22,"Hazard":1,"Train_Test":"Training","aspect":18.43495,"roads":500,"rivers":250,"ndvi":0.72787,"faults":500,"profile":0.02254,"plan":0.04427,"dusaf":3,"dtm":1575},"geometry":{"type":"Point","coordinates":[9.80225571349918,46.31549923909017]}},{"type":"Feature","id":23,"properties":{"fid":23,"Hazard":1,"Train_Test":"Training","aspect":206.56505,"roads":9999,"rivers":9999,"ndvi":0.7211,"faults":250,"profile":0.00372,"plan":0.07155,"dusaf":3,"dtm":1989},"geometry":{"type":"Point","coordinates":[9.865087899558219,46.306366996287004]}},{"type":"Feature","id":24,"properties":{"fid":24,"Hazard":1,"Train_Test":"Training","aspect":236.30994,"roads":9999,"rivers":9999,"ndvi":0.1366,"faults":100,"profile":0.02177,"plan":0.09387,"dusaf":3,"dtm":2380},"geometry":{"type":"Point","coordinates":[9.854268839556978,46.32117355309976]}},{"type":"Feature","id":25,"properties":{"fid":25,"Hazard":1,"Train_Test":"Training","aspect":288.43494,"roads":50,"rivers":9999,"ndvi":0.82443,"faults":500,"profile":0.01734,"plan":0.06325,"dusaf":3,"dtm":1659},"geometry":{"type":"Point","coordinates":[9.847109218022393,46.300568332555926]}},{"type":"Feature","id":26,"properties":{"fid":26,"Hazard":1,"Train_Test":"Training","aspect":161.56505,"roads":9999,"rivers":9999,"ndvi":0.71593,"faults":500,"profile":0.01213,"plan":0.08222,"dusaf":3,"dtm":1838},"geometry":{"type":"Point","coordinates":[9.819857297879931,46.3195605395054]}},{"type":"Feature","id":27,"properties":{"fid":27,"Hazard":1,"Train_Test":"Training","aspect":109.44003,"roads":9999,"rivers":9999,"ndvi":-0.0634,"faults":9999,"profile":-0.0018,"plan":-0.00717,"dusaf":3,"dtm":2693},"geometry":{"type":"Point","coordinates":[9.798586530076745,46.28715950390571]}},{"type":"Feature","id":28,"properties":{"fid":28,"Hazard":1,"Train_Test":"Training","aspect":315,"roads":9999,"rivers":9999,"ndvi":-0.04943,"faults":250,"profile":0,"plan":0,"dusaf":3,"dtm":2249},"geometry":{"type":"Point","coordinates":[9.789703882714415,46.304966537691506]}},{"type":"Feature","id":29,"properties":{"fid":29,"Hazard":1,"Train_Test":"Training","aspect":90,"roads":50,"rivers":500,"ndvi":0.47201,"faults":9999,"profile":0,"plan":0,"dusaf":11,"dtm":978},"geometry":{"type":"Point","coordinates":[9.850764354808527,46.26911924701301]}},{"type":"Feature","id":30,"properties":{"fid":30,"Hazard":1,"Train_Test":"Training","aspect":45,"roads":500,"rivers":50,"ndvi":0.48379,"faults":9999,"profile":-0.01941,"plan":-0.14142,"dusaf":3,"dtm":1623},"geometry":{"type":"Point","coordinates":[9.776368475238055,46.31184725681485]}},{"type":"Feature","id":31,"properties":{"fid":31,"Hazard":1,"Train_Test":"Training","aspect":315,"roads":9999,"rivers":500,"ndvi":0.49311,"faults":9999,"profile":-0.00891,"plan":0.03536,"dusaf":3,"dtm":2252},"geometry":{"type":"Point","coordinates":[9.84601101810624,46.32570303357184]}},{"type":"Feature","id":32,"properties":{"fid":32,"Hazard":1,"Train_Test":"Training","aspect":296.56506,"roads":9999,"rivers":9999,"ndvi":0.0147,"faults":50,"profile":0.00372,"plan":0.07155,"dusaf":2,"dtm":2056},"geometry":{"type":"Point","coordinates":[9.864499224406584,46.28895353906032]}},{"type":"Feature","id":33,"properties":{"fid":33,"Hazard":1,"Train_Test":"Training","aspect":45,"roads":9999,"rivers":9999,"ndvi":0.51017,"faults":250,"profile":0.01941,"plan":0.14142,"dusaf":3,"dtm":1996},"geometry":{"type":"Point","coordinates":[9.819301302218447,46.29589103636293]}},{"type":"Feature","id":34,"properties":{"fid":34,"Hazard":1,"Train_Test":"Training","aspect":303.69006,"roads":9999,"rivers":9999,"ndvi":0.69052,"faults":500,"profile":0.01153,"plan":0.01707,"dusaf":3,"dtm":1937},"geometry":{"type":"Point","coordinates":[9.863399168544941,46.30069837761347]}},{"type":"Feature","id":35,"properties":{"fid":35,"Hazard":1,"Train_Test":"Training","aspect":225,"roads":9999,"rivers":9999,"ndvi":0.61565,"faults":100,"profile":-0.02912,"plan":-0.07071,"dusaf":3,"dtm":1720},"geometry":{"type":"Point","coordinates":[9.842447471765906,46.31080472556903]}},{"type":"Feature","id":36,"properties":{"fid":36,"Hazard":1,"Train_Test":"Training","aspect":243.43495,"roads":100,"rivers":9999,"ndvi":0.56327,"faults":250,"profile":0.01115,"plan":0.03578,"dusaf":2,"dtm":1704},"geometry":{"type":"Point","coordinates":[9.850890847378505,46.299458280909604]}},{"type":"Feature","id":37,"properties":{"fid":37,"Hazard":1,"Train_Test":"Training","aspect":135,"roads":500,"rivers":9999,"ndvi":0.73865,"faults":9999,"profile":-0.00891,"plan":0.03536,"dusaf":3,"dtm":1633},"geometry":{"type":"Point","coordinates":[9.846755950822686,46.30522846190697]}},{"type":"Feature","id":38,"properties":{"fid":38,"Hazard":1,"Train_Test":"Training","aspect":360,"roads":9999,"rivers":9999,"ndvi":0.68597,"faults":500,"profile":0.03771,"plan":0,"dusaf":3,"dtm":1950},"geometry":{"type":"Point","coordinates":[9.864526121650282,46.301266350139564]}},{"type":"Feature","id":39,"properties":{"fid":39,"Hazard":1,"Train_Test":"Training","aspect":135,"roads":9999,"rivers":9999,"ndvi":-0.06363,"faults":250,"profile":0.01941,"plan":0.14142,"dusaf":3,"dtm":2550},"geometry":{"type":"Point","coordinates":[9.822661116084841,46.33649139102568]}},{"type":"Feature","id":40,"properties":{"fid":40,"Hazard":1,"Train_Test":"Training","aspect":360,"roads":9999,"rivers":9999,"ndvi":0.7238,"faults":500,"profile":-0.0197,"plan":0,"dusaf":3,"dtm":1966},"geometry":{"type":"Point","coordinates":[9.86722443698463,46.29636513199163]}},{"type":"Feature","id":41,"properties":{"fid":41,"Hazard":1,"Train_Test":"Training","aspect":161.56505,"roads":9999,"rivers":9999,"ndvi":0.16523,"faults":250,"profile":0.01734,"plan":0.06325,"dusaf":3,"dtm":2508},"geometry":{"type":"Point","coordinates":[9.874696494183286,46.31165657763941]}},{"type":"Feature","id":42,"properties":{"fid":42,"Hazard":1,"Train_Test":"Training","aspect":90,"roads":50,"rivers":250,"ndvi":0.22686,"faults":9999,"profile":-0.01757,"plan":0,"dusaf":2,"dtm":964},"geometry":{"type":"Point","coordinates":[9.852020314781907,46.267962600606154]}},{"type":"Feature","id":43,"properties":{"fid":43,"Hazard":1,"Train_Test":"Training","aspect":180,"roads":9999,"rivers":9999,"ndvi":0.54469,"faults":500,"profile":0.03771,"plan":0,"dusaf":3,"dtm":1770},"geometry":{"type":"Point","coordinates":[9.836265425177162,46.31169987938738]}},{"type":"Feature","id":44,"properties":{"fid":44,"Hazard":1,"Train_Test":"Training","aspect":251.56505,"roads":100,"rivers":250,"ndvi":0.72617,"faults":9999,"profile":0.01734,"plan":0.06325,"dusaf":2,"dtm":1445},"geometry":{"type":"Point","coordinates":[9.836608169897135,46.29929885089466]}},{"type":"Feature","id":45,"properties":{"fid":45,"Hazard":1,"Train_Test":"Training","aspect":198.43495,"roads":9999,"rivers":500,"ndvi":0.68961,"faults":100,"profile":-0.01734,"plan":-0.06325,"dusaf":3,"dtm":1988},"geometry":{"type":"Point","coordinates":[9.81338694735946,46.3244478884145]}},{"type":"Feature","id":46,"properties":{"fid":46,"Hazard":1,"Train_Test":"Training","aspect":146.30994,"roads":9999,"rivers":9999,"ndvi":0.27444,"faults":250,"profile":0.02946,"plan":0.06827,"dusaf":3,"dtm":2400},"geometry":{"type":"Point","coordinates":[9.879283179591017,46.309602799303015]}},{"type":"Feature","id":47,"properties":{"fid":47,"Hazard":1,"Train_Test":"Training","aspect":270,"roads":9999,"rivers":9999,"ndvi":0.72086,"faults":9999,"profile":0,"plan":0,"dusaf":3,"dtm":1801},"geometry":{"type":"Point","coordinates":[9.857314024440287,46.30407100680226]}},{"type":"Feature","id":48,"properties":{"fid":48,"Hazard":1,"Train_Test":"Training","aspect":270,"roads":9999,"rivers":9999,"ndvi":0.61759,"faults":500,"profile":-0.0197,"plan":0,"dusaf":3,"dtm":1910},"geometry":{"type":"Point","coordinates":[9.860053459393118,46.29717835570141]}},{"type":"Feature","id":49,"properties":{"fid":49,"Hazard":1,"Train_Test":"Training","aspect":213.69006,"roads":9999,"rivers":9999,"ndvi":0.62435,"faults":500,"profile":0.01153,"plan":0.01707,"dusaf":3,"dtm":2095},"geometry":{"type":"Point","coordinates":[9.769449829633231,46.32073281956744]}},{"type":"Feature","id":50,"properties":{"fid":50,"Hazard":1,"Train_Test":"Training","aspect":206.56505,"roads":9999,"rivers":500,"ndvi":0.61115,"faults":9999,"profile":-0.00372,"plan":-0.07155,"dusaf":3,"dtm":1909},"geometry":{"type":"Point","coordinates":[9.83345116020123,46.32221914208795]}},{"type":"Feature","id":51,"properties":{"fid":51,"Hazard":1,"Train_Test":"Training","aspect":270,"roads":9999,"rivers":9999,"ndvi":0.75758,"faults":9999,"profile":0.0197,"plan":0,"dusaf":3,"dtm":1900},"geometry":{"type":"Point","coordinates":[9.861346086372986,46.30127898504726]}},{"type":"Feature","id":52,"properties":{"fid":52,"Hazard":1,"Train_Test":"Training","aspect":270,"roads":9999,"rivers":9999,"ndvi":0.05752,"faults":250,"profile":0.0197,"plan":0,"dusaf":3,"dtm":2302},"geometry":{"type":"Point","coordinates":[9.811128872008108,46.33549026751399]}},{"type":"Feature","id":53,"properties":{"fid":53,"Hazard":1,"Train_Test":"Training","aspect":161.56505,"roads":9999,"rivers":9999,"ndvi":0.59507,"faults":9999,"profile":-0.01734,"plan":-0.06325,"dusaf":3,"dtm":2202},"geometry":{"type":"Point","coordinates":[9.770069887327098,46.32351559270372]}},{"type":"Feature","id":54,"properties":{"fid":54,"Hazard":1,"Train_Test":"Training","aspect":180,"roads":100,"rivers":50,"ndvi":0.42704,"faults":250,"profile":0.0197,"plan":0,"dusaf":2,"dtm":1584},"geometry":{"type":"Point","coordinates":[9.791515581003347,46.31642635100188]}},{"type":"Feature","id":55,"properties":{"fid":55,"Hazard":1,"Train_Test":"Training","aspect":90,"roads":50,"rivers":500,"ndvi":0.1485,"faults":9999,"profile":0,"plan":0,"dusaf":11,"dtm":1034},"geometry":{"type":"Point","coordinates":[9.849822272676565,46.27263323946174]}},{"type":"Feature","id":56,"properties":{"fid":56,"Hazard":1,"Train_Test":"Training","aspect":270,"roads":50,"rivers":9999,"ndvi":0.53951,"faults":500,"profile":-0.01757,"plan":0,"dusaf":3,"dtm":1716},"geometry":{"type":"Point","coordinates":[9.85124272542155,46.301364889035284]}},{"type":"Feature","id":57,"properties":{"fid":57,"Hazard":1,"Train_Test":"Training","aspect":296.56506,"roads":250,"rivers":9999,"ndvi":0.74135,"faults":9999,"profile":0.00372,"plan":0.07155,"dusaf":2,"dtm":1585},"geometry":{"type":"Point","coordinates":[9.841386805323962,46.303492382605356]}},{"type":"Feature","id":58,"properties":{"fid":58,"Hazard":1,"Train_Test":"Training","aspect":360,"roads":250,"rivers":50,"ndvi":0.55589,"faults":100,"profile":0,"plan":0,"dusaf":3,"dtm":1585},"geometry":{"type":"Point","coordinates":[9.792037217596267,46.31572081223202]}},{"type":"Feature","id":59,"properties":{"fid":59,"Hazard":1,"Train_Test":"Training","aspect":255.96376,"roads":9999,"rivers":9999,"ndvi":-0.04209,"faults":500,"profile":0.00093,"plan":0.04565,"dusaf":3,"dtm":2695},"geometry":{"type":"Point","coordinates":[9.865119630572725,46.32202653093272]}},{"type":"Feature","id":60,"properties":{"fid":60,"Hazard":1,"Train_Test":"Training","aspect":296.56506,"roads":9999,"rivers":250,"ndvi":0.67625,"faults":250,"profile":0.00372,"plan":0.07155,"dusaf":3,"dtm":1828},"geometry":{"type":"Point","coordinates":[9.836026612595807,46.31598905894927]}},{"type":"Feature","id":61,"properties":{"fid":61,"Hazard":1,"Train_Test":"Training","aspect":225,"roads":50,"rivers":500,"ndvi":0.5407,"faults":9999,"profile":-0.00971,"plan":0.07071,"dusaf":3,"dtm":1451},"geometry":{"type":"Point","coordinates":[9.83290579307258,46.3067217874826]}},{"type":"Feature","id":62,"properties":{"fid":62,"Hazard":1,"Train_Test":"Training","aspect":360,"roads":250,"rivers":50,"ndvi":0.69695,"faults":250,"profile":0.0197,"plan":0,"dusaf":3,"dtm":1604},"geometry":{"type":"Point","coordinates":[9.78343943226125,46.31334394776488]}},{"type":"Feature","id":63,"properties":{"fid":63,"Hazard":1,"Train_Test":"Training","aspect":251.56505,"roads":500,"rivers":9999,"ndvi":0.75112,"faults":500,"profile":-0.01734,"plan":-0.06325,"dusaf":3,"dtm":1804},"geometry":{"type":"Point","coordinates":[9.856355424441922,46.30058062907327]}},{"type":"Feature","id":64,"properties":{"fid":64,"Hazard":1,"Train_Test":"Training","aspect":315,"roads":500,"rivers":9999,"ndvi":0.69326,"faults":9999,"profile":-0.01941,"plan":-0.14142,"dusaf":3,"dtm":1750},"geometry":{"type":"Point","coordinates":[9.854388253954676,46.303557322864116]}},{"type":"Feature","id":65,"properties":{"fid":65,"Hazard":1,"Train_Test":"Training","aspect":360,"roads":9999,"rivers":9999,"ndvi":0.32195,"faults":500,"profile":0,"plan":0,"dusaf":3,"dtm":2150},"geometry":{"type":"Point","coordinates":[9.873008627535434,46.28926292308442]}},{"type":"Feature","id":66,"properties":{"fid":66,"Hazard":1,"Train_Test":"Training","aspect":14.03624,"roads":500,"rivers":250,"ndvi":0.74691,"faults":250,"profile":-0.00465,"plan":-0.03424,"dusaf":3,"dtm":1573},"geometry":{"type":"Point","coordinates":[9.8067489383317,46.313921258623246]}},{"type":"Feature","id":67,"properties":{"fid":67,"Hazard":1,"Train_Test":"Training","aspect":270,"roads":9999,"rivers":9999,"ndvi":-0.04918,"faults":50,"profile":0,"plan":0,"dusaf":3,"dtm":2357},"geometry":{"type":"Point","coordinates":[9.797644966259002,46.301601197703]}},{"type":"Feature","id":68,"properties":{"fid":68,"Hazard":1,"Train_Test":"Training","aspect":90,"roads":250,"rivers":100,"ndvi":0.27597,"faults":9999,"profile":-0.0197,"plan":0,"dusaf":2,"dtm":944},"geometry":{"type":"Point","coordinates":[9.853355846303176,46.269033606525376]}},{"type":"Feature","id":69,"properties":{"fid":69,"Hazard":1,"Train_Test":"Training","aspect":315,"roads":9999,"rivers":9999,"ndvi":-0.0634,"faults":500,"profile":-0.01941,"plan":-0.14142,"dusaf":3,"dtm":2700},"geometry":{"type":"Point","coordinates":[9.86560780707647,46.32248547314186]}},{"type":"Feature","id":70,"properties":{"fid":70,"Hazard":1,"Train_Test":"Training","aspect":270,"roads":9999,"rivers":9999,"ndvi":0.66638,"faults":500,"profile":0,"plan":0,"dusaf":3,"dtm":1916},"geometry":{"type":"Point","coordinates":[9.860167785026517,46.29843360097764]}},{"type":"Feature","id":71,"properties":{"fid":71,"Hazard":1,"Train_Test":"Training","aspect":90,"roads":500,"rivers":50,"ndvi":0.17043,"faults":500,"profile":0.0197,"plan":0,"dusaf":5,"dtm":1472},"geometry":{"type":"Point","coordinates":[9.811912189255667,46.313179560264075]}},{"type":"Feature","id":72,"properties":{"fid":72,"Hazard":1,"Train_Test":"Training","roads":9999,"rivers":9999,"ndvi":-0.0175,"faults":500,"profile":0,"plan":0,"dusaf":3,"dtm":2430},"geometry":{"type":"Point","coordinates":[9.854585825838349,46.32535986535634]}},{"type":"Feature","id":73,"properties":{"fid":73,"Hazard":1,"Train_Test":"Training","aspect":243.43495,"roads":250,"rivers":9999,"ndvi":0.77095,"faults":50,"profile":0.00372,"plan":0.07155,"dusaf":3,"dtm":1642},"geometry":{"type":"Point","coordinates":[9.846080208290337,46.29790491511466]}},{"type":"Feature","id":74,"properties":{"fid":74,"Hazard":1,"Train_Test":"Training","aspect":153.43495,"roads":9999,"rivers":9999,"ndvi":0.13346,"faults":500,"profile":-0.00372,"plan":0.10733,"dusaf":3,"dtm":2541},"geometry":{"type":"Point","coordinates":[9.822608078412063,46.33553972720031]}},{"type":"Feature","id":75,"properties":{"fid":75,"Hazard":1,"Train_Test":"Training","aspect":360,"roads":9999,"rivers":9999,"ndvi":0.32996,"faults":500,"profile":0.01757,"plan":0,"dusaf":3,"dtm":2086},"geometry":{"type":"Point","coordinates":[9.878681635705234,46.29526399430705]}},{"type":"Feature","id":76,"properties":{"fid":76,"Hazard":1,"Train_Test":"Training","aspect":243.43495,"roads":50,"rivers":500,"ndvi":0.63594,"faults":500,"profile":-0.00372,"plan":0.10733,"dusaf":2,"dtm":1491},"geometry":{"type":"Point","coordinates":[9.839406543408838,46.29916360941567]}},{"type":"Feature","id":77,"properties":{"fid":77,"Hazard":1,"Train_Test":"Training","aspect":198.43495,"roads":9999,"rivers":9999,"ndvi":0.06171,"faults":500,"profile":-0.01734,"plan":-0.06325,"dusaf":3,"dtm":2419},"geometry":{"type":"Point","coordinates":[9.85206858693719,46.3279478678181]}},{"type":"Feature","id":78,"properties":{"fid":78,"Hazard":1,"Train_Test":"Training","aspect":341.56506,"roads":9999,"rivers":9999,"ndvi":0.53326,"faults":500,"profile":-0.01734,"plan":-0.06325,"dusaf":3,"dtm":2169},"geometry":{"type":"Point","coordinates":[9.87510874226604,46.2894523749137]}},{"type":"Feature","id":79,"properties":{"fid":79,"Hazard":1,"Train_Test":"Training","aspect":251.56505,"roads":9999,"rivers":9999,"ndvi":-0.02153,"faults":100,"profile":-0.01734,"plan":-0.06325,"dusaf":3,"dtm":2607},"geometry":{"type":"Point","coordinates":[9.856511503864015,46.32844001278469]}},{"type":"Feature","id":80,"properties":{"fid":80,"Hazard":1,"Train_Test":"Training","aspect":90,"roads":50,"rivers":50,"ndvi":0.30152,"faults":9999,"profile":0,"plan":0,"dusaf":3,"dtm":1009},"geometry":{"type":"Point","coordinates":[9.85279546052077,46.27525471020345]}},{"type":"Feature","id":81,"properties":{"fid":81,"Hazard":1,"Train_Test":"Training","aspect":198.43495,"roads":9999,"rivers":9999,"ndvi":0.71182,"faults":500,"profile":0.01734,"plan":0.06325,"dusaf":3,"dtm":1737},"geometry":{"type":"Point","coordinates":[9.849274081655489,46.30884827363457]}},{"type":"Feature","id":82,"properties":{"fid":82,"Hazard":1,"Train_Test":"Training","aspect":153.43495,"roads":9999,"rivers":9999,"ndvi":0.38453,"faults":9999,"profile":-0.00372,"plan":0.10733,"dusaf":3,"dtm":2276},"geometry":{"type":"Point","coordinates":[9.77732089535175,46.32370313730521]}},{"type":"Feature","id":83,"properties":{"fid":83,"Hazard":1,"Train_Test":"Training","aspect":243.43495,"roads":9999,"rivers":9999,"ndvi":0.67147,"faults":9999,"profile":0.00372,"plan":-0.10733,"dusaf":3,"dtm":1868},"geometry":{"type":"Point","coordinates":[9.860628215013259,46.30416439872966]}},{"type":"Feature","id":84,"properties":{"fid":84,"Hazard":1,"Train_Test":"Training","aspect":360,"roads":500,"rivers":500,"ndvi":0.41691,"faults":9999,"profile":0,"plan":0,"dusaf":3,"dtm":1325},"geometry":{"type":"Point","coordinates":[9.845819393819687,46.27660131183627]}},{"type":"Feature","id":85,"properties":{"fid":85,"Hazard":1,"Train_Test":"Training","aspect":315,"roads":9999,"rivers":9999,"ndvi":0.01816,"faults":250,"profile":-0.04455,"plan":-0.10607,"dusaf":3,"dtm":2350},"geometry":{"type":"Point","coordinates":[9.81495002238366,46.33287626394341]}},{"type":"Feature","id":86,"properties":{"fid":86,"Hazard":1,"Train_Test":"Training","aspect":288.43494,"roads":9999,"rivers":9999,"ndvi":0.45346,"faults":500,"profile":-0.01213,"plan":-0.08222,"dusaf":2,"dtm":1919},"geometry":{"type":"Point","coordinates":[9.859633244680861,46.29529350539586]}},{"type":"Feature","id":87,"properties":{"fid":87,"Hazard":1,"Train_Test":"Training","aspect":315,"roads":9999,"rivers":50,"ndvi":-0.06084,"faults":9999,"profile":-0.02912,"plan":-0.07071,"dusaf":3,"dtm":2690},"geometry":{"type":"Point","coordinates":[9.849493722632298,46.33613208364442]}},{"type":"Feature","id":88,"properties":{"fid":88,"Hazard":1,"Train_Test":"Training","aspect":251.56505,"roads":9999,"rivers":9999,"ndvi":0.55581,"faults":500,"profile":-0.01213,"plan":-0.08222,"dusaf":3,"dtm":1954},"geometry":{"type":"Point","coordinates":[9.870751936365538,46.30178072855294]}},{"type":"Feature","id":89,"properties":{"fid":89,"Hazard":1,"Train_Test":"Training","aspect":213.69006,"roads":9999,"rivers":9999,"ndvi":0.59868,"faults":250,"profile":-0.01921,"plan":0.00853,"dusaf":3,"dtm":1954},"geometry":{"type":"Point","coordinates":[9.869506328459268,46.303814624924385]}},{"type":"Feature","id":90,"properties":{"fid":90,"Hazard":1,"Train_Test":"Training","aspect":270,"roads":9999,"rivers":9999,"ndvi":0.05902,"faults":250,"profile":0.0197,"plan":0,"dusaf":2,"dtm":2089},"geometry":{"type":"Point","coordinates":[9.877101946902336,46.2935933687457]}},{"type":"Feature","id":91,"properties":{"fid":91,"Hazard":1,"Train_Test":"Training","aspect":198.43495,"roads":9999,"rivers":9999,"ndvi":0.25286,"faults":9999,"profile":-0.01734,"plan":-0.06325,"dusaf":3,"dtm":2336},"geometry":{"type":"Point","coordinates":[9.778301874620622,46.3258559664676]}},{"type":"Feature","id":92,"properties":{"fid":92,"Hazard":1,"Train_Test":"Training","aspect":270,"roads":250,"rivers":9999,"ndvi":0.68942,"faults":100,"profile":0,"plan":0,"dusaf":3,"dtm":1763},"geometry":{"type":"Point","coordinates":[9.852912742051897,46.29768701436112]}},{"type":"Feature","id":93,"properties":{"fid":93,"Hazard":1,"Train_Test":"Training","aspect":225,"roads":100,"rivers":100,"ndvi":0.77253,"faults":9999,"profile":0,"plan":0,"dusaf":3,"dtm":1556},"geometry":{"type":"Point","coordinates":[9.804700892179016,46.31762649854259]}},{"type":"Feature","id":94,"properties":{"fid":94,"Hazard":1,"Train_Test":"Training","aspect":315,"roads":9999,"rivers":9999,"ndvi":0.15344,"faults":250,"profile":0.01941,"plan":0.14142,"dusaf":3,"dtm":2334},"geometry":{"type":"Point","coordinates":[9.793478183300206,46.29999828711052]}},{"type":"Feature","id":95,"properties":{"fid":95,"Hazard":1,"Train_Test":"Training","aspect":198.43495,"roads":500,"rivers":9999,"ndvi":0.58294,"faults":9999,"profile":0.01734,"plan":0.06325,"dusaf":2,"dtm":1592},"geometry":{"type":"Point","coordinates":[9.836794198796754,46.306592832658104]}},{"type":"Feature","id":96,"properties":{"fid":96,"Hazard":1,"Train_Test":"Training","aspect":270,"roads":9999,"rivers":9999,"ndvi":0.46174,"faults":500,"profile":0,"plan":0,"dusaf":2,"dtm":1933},"geometry":{"type":"Point","coordinates":[9.860376189720546,46.29545854369594]}},{"type":"Feature","id":97,"properties":{"fid":97,"Hazard":1,"Train_Test":"Training","aspect":270,"roads":9999,"rivers":9999,"ndvi":0.20075,"faults":250,"profile":0.0197,"plan":0,"dusaf":2,"dtm":2010},"geometry":{"type":"Point","coordinates":[9.86593940709531,46.29149462010533]}},{"type":"Feature","id":98,"properties":{"fid":98,"Hazard":1,"Train_Test":"Training","aspect":180,"roads":9999,"rivers":9999,"ndvi":0.75943,"faults":100,"profile":-0.01757,"plan":0,"dusaf":3,"dtm":1828},"geometry":{"type":"Point","coordinates":[9.839335594797568,46.31262365952633]}},{"type":"Feature","id":99,"properties":{"fid":99,"Hazard":1,"Train_Test":"Training","aspect":45,"roads":100,"rivers":50,"ndvi":0.37431,"faults":500,"profile":-0.01782,"plan":0.07071,"dusaf":5,"dtm":1014},"geometry":{"type":"Point","coordinates":[9.852424041973194,46.27686278118208]}},{"type":"Feature","id":100,"properties":{"fid":100,"Hazard":1,"Train_Test":"Training","aspect":225,"roads":9999,"rivers":500,"ndvi":0.49493,"faults":250,"profile":0.00891,"plan":-0.03536,"dusaf":3,"dtm":2014},"geometry":{"type":"Point","coordinates":[9.81363498454087,46.32516974043481]}},{"type":"Feature","id":101,"properties":{"fid":101,"Hazard":1,"Train_Test":"Training","aspect":108.43495,"roads":9999,"rivers":250,"ndvi":0.60909,"faults":100,"profile":0.01734,"plan":0.06325,"dusaf":3,"dtm":2000},"geometry":{"type":"Point","coordinates":[9.803350838257325,46.327079105294196]}},{"type":"Feature","id":102,"properties":{"fid":102,"Hazard":1,"Train_Test":"Training","aspect":180,"roads":50,"rivers":250,"ndvi":0.53347,"faults":500,"profile":0.0197,"plan":0,"dusaf":2,"dtm":1597},"geometry":{"type":"Point","coordinates":[9.790612343431247,46.31732643032499]}},{"type":"Feature","id":103,"properties":{"fid":103,"Hazard":1,"Train_Test":"Training","aspect":198.43495,"roads":9999,"rivers":9999,"ndvi":-0.06338,"faults":50,"profile":-0.01734,"plan":-0.06325,"dusaf":3,"dtm":2748},"geometry":{"type":"Point","coordinates":[9.875008483574604,46.31770634139825]}},{"type":"Feature","id":104,"properties":{"fid":104,"Hazard":1,"Train_Test":"Training","aspect":180,"roads":9999,"rivers":9999,"ndvi":-0.00656,"faults":100,"profile":0,"plan":0,"dusaf":3,"dtm":2244},"geometry":{"type":"Point","coordinates":[9.802581260005564,46.334896509980936]}},{"type":"Feature","id":105,"properties":{"fid":105,"Hazard":1,"Train_Test":"Training","aspect":270,"roads":9999,"rivers":9999,"ndvi":0.61493,"faults":250,"profile":0.0197,"plan":0,"dusaf":3,"dtm":1979},"geometry":{"type":"Point","coordinates":[9.86459628897812,46.29292554586434]}},{"type":"Feature","id":106,"properties":{"fid":106,"Hazard":1,"Train_Test":"Training","aspect":225,"roads":9999,"rivers":9999,"ndvi":0.62318,"faults":9999,"profile":0.01941,"plan":0.14142,"dusaf":3,"dtm":1604},"geometry":{"type":"Point","coordinates":[9.84093643225189,46.30640604511277]}},{"type":"Feature","id":107,"properties":{"fid":107,"Hazard":1,"Train_Test":"Training","aspect":135,"roads":250,"rivers":100,"ndvi":0.13924,"faults":500,"profile":-0.00891,"plan":0.03536,"dusaf":13,"dtm":1415},"geometry":{"type":"Point","coordinates":[9.831066320692816,46.304871240535775]}},{"type":"Feature","id":108,"properties":{"fid":108,"Hazard":1,"Train_Test":"Training","aspect":270,"roads":9999,"rivers":9999,"ndvi":-0.01678,"faults":50,"profile":0,"plan":0,"dusaf":3,"dtm":2379},"geometry":{"type":"Point","coordinates":[9.795058212432194,46.30347469292713]}},{"type":"Feature","id":109,"properties":{"fid":109,"Hazard":1,"Train_Test":"Training","aspect":135,"roads":250,"rivers":50,"ndvi":0.65371,"faults":9999,"profile":0.01941,"plan":0.14142,"dusaf":5,"dtm":949},"geometry":{"type":"Point","coordinates":[9.853464383026695,46.27069026712014]}},{"type":"Feature","id":110,"properties":{"fid":110,"Hazard":1,"Train_Test":"Training","aspect":225,"roads":9999,"rivers":9999,"ndvi":0.31536,"faults":500,"profile":-0.00971,"plan":-0.21213,"dusaf":3,"dtm":2049},"geometry":{"type":"Point","coordinates":[9.874795215051824,46.30509785521195]}},{"type":"Feature","id":111,"properties":{"fid":111,"Hazard":1,"Train_Test":"Training","roads":250,"rivers":50,"ndvi":0.16404,"faults":500,"profile":0,"plan":0,"dusaf":3,"dtm":1490},"geometry":{"type":"Point","coordinates":[9.806969287755713,46.31644058476787]}},{"type":"Feature","id":112,"properties":{"fid":112,"Hazard":1,"Train_Test":"Training","aspect":270,"roads":250,"rivers":500,"ndvi":0.64168,"faults":500,"profile":0,"plan":0,"dusaf":2,"dtm":1483},"geometry":{"type":"Point","coordinates":[9.839782994664576,46.297895406739585]}},{"type":"Feature","id":113,"properties":{"fid":113,"Hazard":1,"Train_Test":"Training","aspect":296.56506,"roads":9999,"rivers":9999,"ndvi":0.35284,"faults":100,"profile":-0.00372,"plan":-0.07155,"dusaf":2,"dtm":2069},"geometry":{"type":"Point","coordinates":[9.864982632708905,46.288667806703664]}},{"type":"Feature","id":114,"properties":{"fid":114,"Hazard":1,"Train_Test":"Training","aspect":236.30994,"roads":9999,"rivers":9999,"ndvi":0.70473,"faults":9999,"profile":0.01153,"plan":0.01707,"dusaf":3,"dtm":1938},"geometry":{"type":"Point","coordinates":[9.861460832510197,46.30669441613117]}},{"type":"Feature","id":115,"properties":{"fid":115,"Hazard":1,"Train_Test":"Training","aspect":206.56505,"roads":9999,"rivers":9999,"ndvi":0.60465,"faults":250,"profile":-0.00609,"plan":0.01789,"dusaf":2,"dtm":1659},"geometry":{"type":"Point","coordinates":[9.84123842928567,46.309387453383366]}},{"type":"Feature","id":116,"properties":{"fid":116,"Hazard":1,"Train_Test":"Training","aspect":251.56505,"roads":9999,"rivers":100,"ndvi":0.27246,"faults":500,"profile":0.02254,"plan":0.04427,"dusaf":3,"dtm":1965},"geometry":{"type":"Point","coordinates":[9.81111563843195,46.328243128434416]}},{"type":"Feature","id":117,"properties":{"fid":117,"Hazard":1,"Train_Test":"Training","aspect":135,"roads":9999,"rivers":100,"ndvi":0.67568,"faults":250,"profile":-0.01941,"plan":-0.14142,"dusaf":3,"dtm":1641},"geometry":{"type":"Point","coordinates":[9.770681859981506,46.31137902064844]}},{"type":"Feature","id":118,"properties":{"fid":118,"Hazard":1,"Train_Test":"Training","aspect":333.43494,"roads":9999,"rivers":9999,"ndvi":0.56936,"faults":500,"profile":-0.00372,"plan":-0.07155,"dusaf":3,"dtm":1955},"geometry":{"type":"Point","coordinates":[9.865920305281467,46.29672570869141]}},{"type":"Feature","id":119,"properties":{"fid":119,"Hazard":1,"Train_Test":"Training","aspect":180,"roads":9999,"rivers":9999,"ndvi":0.56868,"faults":9999,"profile":0.0197,"plan":0,"dusaf":3,"dtm":1949},"geometry":{"type":"Point","coordinates":[9.873594046547844,46.30046237723452]}},{"type":"Feature","id":120,"properties":{"fid":120,"Hazard":1,"Train_Test":"Training","aspect":296.56506,"roads":250,"rivers":9999,"ndvi":0.62414,"faults":250,"profile":0.00372,"plan":0.07155,"dusaf":2,"dtm":1707},"geometry":{"type":"Point","coordinates":[9.851067635629649,46.299211442856645]}},{"type":"Feature","id":121,"properties":{"fid":121,"Hazard":1,"Train_Test":"Training","aspect":225,"roads":9999,"rivers":9999,"ndvi":0.68458,"faults":9999,"profile":-0.02912,"plan":-0.07071,"dusaf":3,"dtm":2010},"geometry":{"type":"Point","coordinates":[9.877874969385005,46.302757782116075]}},{"type":"Feature","id":122,"properties":{"fid":122,"Hazard":1,"Train_Test":"Training","aspect":288.43494,"roads":9999,"rivers":100,"ndvi":-0.05968,"faults":9999,"profile":0.01734,"plan":0.06325,"dusaf":3,"dtm":2695},"geometry":{"type":"Point","coordinates":[9.849632369730376,46.335904498497584]}},{"type":"Feature","id":123,"properties":{"fid":123,"Hazard":1,"Train_Test":"Training","aspect":288.43494,"roads":250,"rivers":9999,"ndvi":0.72851,"faults":250,"profile":-0.01734,"plan":-0.06325,"dusaf":3,"dtm":1572},"geometry":{"type":"Point","coordinates":[9.843001593899473,46.298930090528074]}},{"type":"Feature","id":124,"properties":{"fid":124,"Hazard":1,"Train_Test":"Training","aspect":161.56505,"roads":9999,"rivers":9999,"ndvi":0.51285,"faults":500,"profile":0.01734,"plan":0.06325,"dusaf":3,"dtm":2043},"geometry":{"type":"Point","coordinates":[9.875634987562579,46.30474193559763]}},{"type":"Feature","id":125,"properties":{"fid":125,"Hazard":1,"Train_Test":"Training","aspect":288.43494,"roads":100,"rivers":9999,"ndvi":0.50909,"faults":250,"profile":-0.01734,"plan":-0.06325,"dusaf":2,"dtm":1745},"geometry":{"type":"Point","coordinates":[9.85299809015909,46.299154400795224]}},{"type":"Feature","id":126,"properties":{"fid":126,"Hazard":1,"Train_Test":"Training","aspect":270,"roads":9999,"rivers":9999,"ndvi":0.06733,"faults":100,"profile":0,"plan":0,"dusaf":3,"dtm":2275},"geometry":{"type":"Point","coordinates":[9.808708047955966,46.33476130960391]}},{"type":"Feature","id":127,"properties":{"fid":127,"Hazard":1,"Train_Test":"Training","aspect":90,"roads":500,"rivers":9999,"ndvi":0.32071,"faults":9999,"profile":0,"plan":0,"dusaf":2,"dtm":1317},"geometry":{"type":"Point","coordinates":[9.843640439874207,46.275868021768055]}},{"type":"Feature","id":128,"properties":{"fid":128,"Hazard":1,"Train_Test":"Training","aspect":225,"roads":9999,"rivers":250,"ndvi":0.7054,"faults":500,"profile":0.01941,"plan":0.14142,"dusaf":3,"dtm":1829},"geometry":{"type":"Point","coordinates":[9.836661296389202,46.31681530585013]}},{"type":"Feature","id":129,"properties":{"fid":129,"Hazard":1,"Train_Test":"Training","aspect":333.43494,"roads":9999,"rivers":9999,"ndvi":0.00106,"faults":100,"profile":-0.04089,"plan":-0.07155,"dusaf":3,"dtm":2378},"geometry":{"type":"Point","coordinates":[9.796390919048285,46.29709700242559]}},{"type":"Feature","id":130,"properties":{"fid":130,"Hazard":1,"Train_Test":"Training","aspect":251.56505,"roads":9999,"rivers":9999,"ndvi":0.61827,"faults":500,"profile":-0.02254,"plan":-0.04427,"dusaf":3,"dtm":2247},"geometry":{"type":"Point","coordinates":[9.84882532732362,46.31546263903184]}},{"type":"Feature","id":131,"properties":{"fid":131,"Hazard":1,"Train_Test":"Training","aspect":116.56505,"roads":9999,"rivers":9999,"ndvi":0.10022,"faults":100,"profile":-0.00372,"plan":-0.07155,"dusaf":3,"dtm":2239},"geometry":{"type":"Point","coordinates":[9.801557915044615,46.3341416944726]}},{"type":"Feature","id":132,"properties":{"fid":132,"Hazard":1,"Train_Test":"Training","aspect":206.56505,"roads":9999,"rivers":50,"ndvi":-0.04758,"faults":9999,"profile":0.00372,"plan":-0.10733,"dusaf":3,"dtm":2615},"geometry":{"type":"Point","coordinates":[9.844060937105692,46.335824759567245]}},{"type":"Feature","id":133,"properties":{"fid":133,"Hazard":1,"Train_Test":"Training","aspect":225,"roads":9999,"rivers":9999,"ndvi":0.77518,"faults":500,"profile":-0.01941,"plan":-0.14142,"dusaf":3,"dtm":1957},"geometry":{"type":"Point","coordinates":[9.871811700882908,46.30079746349209]}},{"type":"Feature","id":134,"properties":{"fid":134,"Hazard":1,"Train_Test":"Training","aspect":90,"roads":100,"rivers":50,"ndvi":0.20538,"faults":500,"profile":0.0197,"plan":0,"dusaf":5,"dtm":1608},"geometry":{"type":"Point","coordinates":[9.781358102039848,46.31349133883216]}},{"type":"Feature","id":135,"properties":{"fid":135,"Hazard":1,"Train_Test":"Training","aspect":315,"roads":9999,"rivers":9999,"ndvi":0.19541,"faults":250,"profile":0,"plan":0,"dusaf":2,"dtm":1957},"geometry":{"type":"Point","coordinates":[9.86263143686607,46.29408055604304]}},{"type":"Feature","id":136,"properties":{"fid":136,"Hazard":1,"Train_Test":"Training","aspect":90,"roads":9999,"rivers":250,"ndvi":0.67499,"faults":250,"profile":-0.0197,"plan":0,"dusaf":3,"dtm":1643},"geometry":{"type":"Point","coordinates":[9.77042736519071,46.31160786170463]}},{"type":"Feature","id":137,"properties":{"fid":137,"Hazard":1,"Train_Test":"Training","aspect":270,"roads":9999,"rivers":9999,"ndvi":0.69824,"faults":500,"profile":0,"plan":0,"dusaf":3,"dtm":2180},"geometry":{"type":"Point","coordinates":[9.819018632978795,46.32585293770531]}},{"type":"Feature","id":138,"properties":{"fid":138,"Hazard":1,"Train_Test":"Training","aspect":198.43495,"roads":100,"rivers":100,"ndvi":0.74672,"faults":9999,"profile":-0.01734,"plan":-0.06325,"dusaf":3,"dtm":1555},"geometry":{"type":"Point","coordinates":[9.804366504638775,46.31772710322374]}},{"type":"Feature","id":139,"properties":{"fid":139,"Hazard":1,"Train_Test":"Training","aspect":341.56506,"roads":9999,"rivers":9999,"ndvi":0.17095,"faults":100,"profile":0.01213,"plan":0.08222,"dusaf":3,"dtm":2127},"geometry":{"type":"Point","coordinates":[9.879737801252276,46.29301660140828]}},{"type":"Feature","id":140,"properties":{"fid":140,"Hazard":1,"Train_Test":"Training","aspect":225,"roads":9999,"rivers":9999,"ndvi":-0.06128,"faults":500,"profile":0.0156,"plan":0.04714,"dusaf":3,"dtm":2747},"geometry":{"type":"Point","coordinates":[9.826401135843094,46.341363367841126]}},{"type":"Feature","id":141,"properties":{"fid":141,"Hazard":1,"Train_Test":"Training","aspect":270,"roads":500,"rivers":9999,"ndvi":0.58497,"faults":9999,"profile":0,"plan":0,"dusaf":3,"dtm":1611},"geometry":{"type":"Point","coordinates":[9.842852008690203,46.30466537303581]}},{"type":"Feature","id":142,"properties":{"fid":142,"Hazard":1,"Train_Test":"Training","aspect":225,"roads":9999,"rivers":9999,"ndvi":0.18191,"faults":250,"profile":0.02912,"plan":0.07071,"dusaf":3,"dtm":2302},"geometry":{"type":"Point","coordinates":[9.811666701392948,46.33438192774196]}},{"type":"Feature","id":143,"properties":{"fid":143,"Hazard":1,"Train_Test":"Training","aspect":251.56505,"roads":50,"rivers":250,"ndvi":0.46735,"faults":9999,"profile":0.02774,"plan":0.0253,"dusaf":3,"dtm":1497},"geometry":{"type":"Point","coordinates":[9.818129595642102,46.31223233145757]}},{"type":"Feature","id":144,"properties":{"fid":144,"Hazard":1,"Train_Test":"Training","aspect":326.30994,"roads":9999,"rivers":9999,"ndvi":0.01115,"faults":250,"profile":0.01153,"plan":0.01707,"dusaf":3,"dtm":2285},"geometry":{"type":"Point","coordinates":[9.7910355504335,46.3041412416145]}},{"type":"Feature","id":145,"properties":{"fid":145,"Hazard":1,"Train_Test":"Training","aspect":135,"roads":500,"rivers":9999,"ndvi":0.74246,"faults":9999,"profile":-0.00971,"plan":-0.21213,"dusaf":2,"dtm":1599},"geometry":{"type":"Point","coordinates":[9.837600737769263,46.306880702135764]}},{"type":"Feature","id":146,"properties":{"fid":146,"Hazard":1,"Train_Test":"Training","aspect":333.43494,"roads":9999,"rivers":9999,"ndvi":0.08791,"faults":100,"profile":-0.00372,"plan":0.10733,"dusaf":3,"dtm":2377},"geometry":{"type":"Point","coordinates":[9.796031781181698,46.29705094844059]}},{"type":"Feature","id":147,"properties":{"fid":147,"Hazard":1,"Train_Test":"Training","aspect":194.03624,"roads":9999,"rivers":9999,"ndvi":0.68596,"faults":9999,"profile":-0.00093,"plan":-0.04565,"dusaf":3,"dtm":2005},"geometry":{"type":"Point","coordinates":[9.876325914875615,46.30327915467374]}},{"type":"Feature","id":148,"properties":{"fid":148,"Hazard":1,"Train_Test":"Training","aspect":198.43495,"roads":9999,"rivers":9999,"ndvi":0.33153,"faults":500,"profile":-0.01734,"plan":-0.06325,"dusaf":3,"dtm":2348},"geometry":{"type":"Point","coordinates":[9.879974736128329,46.30823403303003]}},{"type":"Feature","id":149,"properties":{"fid":149,"Hazard":1,"Train_Test":"Training","aspect":146.30994,"roads":9999,"rivers":9999,"ndvi":0.36996,"faults":500,"profile":-0.01153,"plan":-0.01707,"dusaf":3,"dtm":2352},"geometry":{"type":"Point","coordinates":[9.796418250893568,46.32957745916474]}},{"type":"Feature","id":150,"properties":{"fid":150,"Hazard":1,"Train_Test":"Training","aspect":135,"roads":9999,"rivers":9999,"ndvi":0.63647,"faults":500,"profile":-0.01941,"plan":-0.14142,"dusaf":3,"dtm":1938},"geometry":{"type":"Point","coordinates":[9.86512667277841,46.30075268093862]}},{"type":"Feature","id":151,"properties":{"fid":151,"Hazard":1,"Train_Test":"Training","aspect":270,"roads":9999,"rivers":9999,"ndvi":0.66983,"faults":500,"profile":0.0197,"plan":0,"dusaf":3,"dtm":1919},"geometry":{"type":"Point","coordinates":[9.860681812508933,46.29776037010399]}},{"type":"Feature","id":152,"properties":{"fid":152,"Hazard":1,"Train_Test":"Training","aspect":270,"roads":250,"rivers":9999,"ndvi":0.36643,"faults":500,"profile":0.03771,"plan":0,"dusaf":3,"dtm":1756},"geometry":{"type":"Point","coordinates":[9.853168431839734,46.300854226166116]}},{"type":"Feature","id":153,"properties":{"fid":153,"Hazard":1,"Train_Test":"Training","aspect":90,"roads":250,"rivers":50,"ndvi":0.75048,"faults":500,"profile":0.0197,"plan":0,"dusaf":3,"dtm":1469},"geometry":{"type":"Point","coordinates":[9.813317626978552,46.31315466773368]}},{"type":"Feature","id":154,"properties":{"fid":154,"Hazard":1,"Train_Test":"Training","aspect":146.30994,"roads":9999,"rivers":250,"ndvi":0.66296,"faults":250,"profile":-0.0269,"plan":0.03414,"dusaf":3,"dtm":1981},"geometry":{"type":"Point","coordinates":[9.809370754622362,46.330733266043424]}},{"type":"Feature","id":155,"properties":{"fid":155,"Hazard":1,"Train_Test":"Training","aspect":251.56505,"roads":500,"rivers":250,"ndvi":0.72789,"faults":250,"profile":0.01734,"plan":0.06325,"dusaf":3,"dtm":1801},"geometry":{"type":"Point","coordinates":[9.810064789802908,46.32231471379228]}},{"type":"Feature","id":156,"properties":{"fid":156,"Hazard":1,"Train_Test":"Training","aspect":90,"roads":100,"rivers":250,"ndvi":0.3963,"faults":9999,"profile":0.0197,"plan":0,"dusaf":11,"dtm":1024},"geometry":{"type":"Point","coordinates":[9.85145515009865,46.27220367959383]}},{"type":"Feature","id":157,"properties":{"fid":157,"Hazard":1,"Train_Test":"Training","aspect":333.43494,"roads":500,"rivers":9999,"ndvi":0.74766,"faults":9999,"profile":-0.00372,"plan":-0.07155,"dusaf":3,"dtm":1761},"geometry":{"type":"Point","coordinates":[9.854179721041847,46.30272475357808]}},{"type":"Feature","id":158,"properties":{"fid":158,"Hazard":1,"Train_Test":"Training","roads":9999,"rivers":9999,"ndvi":0.04453,"faults":250,"profile":0,"plan":0,"dusaf":3,"dtm":2370},"geometry":{"type":"Point","coordinates":[9.852724238102562,46.32180579877938]}},{"type":"Feature","id":159,"properties":{"fid":159,"Hazard":1,"Train_Test":"Training","aspect":90,"roads":500,"rivers":100,"ndvi":0.68603,"faults":100,"profile":-0.01757,"plan":0,"dusaf":3,"dtm":1411},"geometry":{"type":"Point","coordinates":[9.82990744487,46.30252638291657]}},{"type":"Feature","id":160,"properties":{"fid":160,"Hazard":1,"Train_Test":"Training","aspect":90,"roads":9999,"rivers":9999,"ndvi":0.16356,"faults":250,"profile":0,"plan":0,"dusaf":3,"dtm":2264},"geometry":{"type":"Point","coordinates":[9.801278406169892,46.33615009304625]}},{"type":"Feature","id":161,"properties":{"fid":161,"Hazard":1,"Train_Test":"Training","aspect":26.56505,"roads":9999,"rivers":9999,"ndvi":0.52319,"faults":500,"profile":0.00372,"plan":0.07155,"dusaf":3,"dtm":1924},"geometry":{"type":"Point","coordinates":[9.867976570617328,46.29744712139211]}},{"type":"Feature","id":162,"properties":{"fid":162,"Hazard":1,"Train_Test":"Training","aspect":161.56505,"roads":9999,"rivers":9999,"ndvi":0.35929,"faults":250,"profile":-0.01213,"plan":-0.08222,"dusaf":3,"dtm":2328},"geometry":{"type":"Point","coordinates":[9.882293481174708,46.30844523116629]}},{"type":"Feature","id":163,"properties":{"fid":163,"Hazard":1,"Train_Test":"Training","aspect":180,"roads":9999,"rivers":9999,"ndvi":0.32158,"faults":9999,"profile":0.01757,"plan":0,"dusaf":3,"dtm":2324},"geometry":{"type":"Point","coordinates":[9.832853045511355,46.329078933008944]}},{"type":"Feature","id":164,"properties":{"fid":164,"Hazard":1,"Train_Test":"Training","aspect":360,"roads":9999,"rivers":9999,"ndvi":0.40342,"faults":50,"profile":0,"plan":0,"dusaf":2,"dtm":2021},"geometry":{"type":"Point","coordinates":[9.864358807412682,46.29011591142574]}},{"type":"Feature","id":165,"properties":{"fid":165,"Hazard":1,"Train_Test":"Training","aspect":251.56505,"roads":9999,"rivers":500,"ndvi":-0.07079,"faults":500,"profile":-0.01213,"plan":-0.08222,"dusaf":3,"dtm":2699},"geometry":{"type":"Point","coordinates":[9.849818720796153,46.333820555845186]}},{"type":"Feature","id":166,"properties":{"fid":166,"Hazard":1,"Train_Test":"Training","aspect":270,"roads":9999,"rivers":9999,"ndvi":0.4408,"faults":500,"profile":-0.01757,"plan":0,"dusaf":3,"dtm":2060},"geometry":{"type":"Point","coordinates":[9.87394222282945,46.292794608339065]}},{"type":"Feature","id":167,"properties":{"fid":167,"Hazard":1,"Train_Test":"Training","aspect":225,"roads":500,"rivers":50,"ndvi":0.02202,"faults":250,"profile":0.02912,"plan":0.07071,"dusaf":3,"dtm":1415},"geometry":{"type":"Point","coordinates":[9.827440625835873,46.30551102123628]}},{"type":"Feature","id":168,"properties":{"fid":168,"Hazard":1,"Train_Test":"Training","aspect":135,"roads":9999,"rivers":9999,"ndvi":0.63445,"faults":500,"profile":0.01941,"plan":0.14142,"dusaf":3,"dtm":1932},"geometry":{"type":"Point","coordinates":[9.864999280738662,46.3001026270035]}},{"type":"Feature","id":169,"properties":{"fid":169,"Hazard":1,"Train_Test":"Training","aspect":225,"roads":9999,"rivers":9999,"ndvi":0.69981,"faults":250,"profile":0,"plan":0,"dusaf":3,"dtm":1958},"geometry":{"type":"Point","coordinates":[9.86464288988106,46.30466620068565]}},{"type":"Feature","id":170,"properties":{"fid":170,"Hazard":1,"Train_Test":"Training","aspect":155.32314,"roads":9999,"rivers":9999,"ndvi":0.24195,"faults":250,"profile":-0.00558,"plan":-0.01686,"dusaf":3,"dtm":2705},"geometry":{"type":"Point","coordinates":[9.785819064940451,46.33232134824552]}},{"type":"Feature","id":171,"properties":{"fid":171,"Hazard":1,"Train_Test":"Training","aspect":270,"roads":500,"rivers":9999,"ndvi":0.60968,"faults":9999,"profile":0,"plan":0,"dusaf":3,"dtm":1621},"geometry":{"type":"Point","coordinates":[9.843498350567877,46.304723707683564]}},{"type":"Feature","id":172,"properties":{"fid":172,"Hazard":1,"Train_Test":"Training","aspect":243.43495,"roads":50,"rivers":500,"ndvi":0.49789,"faults":9999,"profile":-0.00372,"plan":0.10733,"dusaf":2,"dtm":1481},"geometry":{"type":"Point","coordinates":[9.837247639844682,46.301225148310905]}},{"type":"Feature","id":173,"properties":{"fid":173,"Hazard":1,"Train_Test":"Training","aspect":315,"roads":500,"rivers":9999,"ndvi":0.57315,"faults":9999,"profile":-0.01941,"plan":-0.14142,"dusaf":3,"dtm":1571},"geometry":{"type":"Point","coordinates":[9.840984761958707,46.303973088768764]}},{"type":"Feature","id":174,"properties":{"fid":174,"Hazard":1,"Train_Test":"Training","aspect":270,"roads":9999,"rivers":9999,"ndvi":0.04884,"faults":250,"profile":0,"plan":0,"dusaf":3,"dtm":2447},"geometry":{"type":"Point","coordinates":[9.856415002119983,46.32290282364786]}},{"type":"Feature","id":175,"properties":{"fid":175,"Hazard":1,"Train_Test":"Training","aspect":333.43494,"roads":9999,"rivers":9999,"ndvi":0.30142,"faults":9999,"profile":-0.00609,"plan":0.01789,"dusaf":3,"dtm":2285},"geometry":{"type":"Point","coordinates":[9.848528064594218,46.3257107140359]}},{"type":"Feature","id":176,"properties":{"fid":176,"Hazard":1,"Train_Test":"Training","roads":9999,"rivers":100,"ndvi":0.75635,"faults":500,"profile":0,"plan":0,"dusaf":3,"dtm":1823},"geometry":{"type":"Point","coordinates":[9.83565826307409,46.31685225422731]}},{"type":"Feature","id":177,"properties":{"fid":177,"Hazard":1,"Train_Test":"Training","aspect":315,"roads":250,"rivers":9999,"ndvi":0.63757,"faults":500,"profile":0,"plan":0,"dusaf":3,"dtm":1661},"geometry":{"type":"Point","coordinates":[9.848237455382707,46.302076933693364]}},{"type":"Feature","id":178,"properties":{"fid":178,"Hazard":1,"Train_Test":"Training","aspect":315,"roads":9999,"rivers":9999,"ndvi":0.49163,"faults":250,"profile":-0.01941,"plan":-0.14142,"dusaf":3,"dtm":2009},"geometry":{"type":"Point","coordinates":[9.867676407879662,46.29221225963055]}},{"type":"Feature","id":179,"properties":{"fid":179,"Hazard":1,"Train_Test":"Training","aspect":288.43494,"roads":9999,"rivers":9999,"ndvi":0.63232,"faults":500,"profile":-0.02254,"plan":-0.04427,"dusaf":3,"dtm":1999},"geometry":{"type":"Point","coordinates":[9.873944122556752,46.294746700691604]}},{"type":"Feature","id":180,"properties":{"fid":180,"Hazard":1,"Train_Test":"Training","aspect":180,"roads":9999,"rivers":9999,"ndvi":-0.00708,"faults":50,"profile":0,"plan":0,"dusaf":3,"dtm":2368},"geometry":{"type":"Point","coordinates":[9.794449448345082,46.30330840094765]}},{"type":"Feature","id":181,"properties":{"fid":181,"Hazard":1,"Train_Test":"Training","aspect":360,"roads":9999,"rivers":9999,"ndvi":0.20564,"faults":50,"profile":0,"plan":0,"dusaf":2,"dtm":2119},"geometry":{"type":"Point","coordinates":[9.877312791392885,46.29194554952223]}},{"type":"Feature","id":182,"properties":{"fid":182,"Hazard":1,"Train_Test":"Training","aspect":225,"roads":9999,"rivers":9999,"ndvi":0.70402,"faults":500,"profile":0.00891,"plan":-0.03536,"dusaf":3,"dtm":1964},"geometry":{"type":"Point","coordinates":[9.871437470465516,46.3015808415373]}},{"type":"Feature","id":183,"properties":{"fid":183,"Hazard":1,"Train_Test":"Training","aspect":251.56505,"roads":9999,"rivers":9999,"ndvi":0.29921,"faults":250,"profile":-0.01734,"plan":-0.06325,"dusaf":3,"dtm":2163},"geometry":{"type":"Point","coordinates":[9.88270847029397,46.292993685272265]}},{"type":"Feature","id":184,"properties":{"fid":184,"Hazard":1,"Train_Test":"Training","aspect":198.43495,"roads":9999,"rivers":9999,"ndvi":0.37362,"faults":500,"profile":-0.01734,"plan":-0.06325,"dusaf":3,"dtm":1992},"geometry":{"type":"Point","coordinates":[9.87349587469789,46.30240986324724]}},{"type":"Feature","id":185,"properties":{"fid":185,"Hazard":1,"Train_Test":"Training","aspect":270,"roads":9999,"rivers":9999,"ndvi":0.03581,"faults":500,"profile":0,"plan":0,"dusaf":3,"dtm":2334},"geometry":{"type":"Point","coordinates":[9.850950512436858,46.323897147919105]}},{"type":"Feature","id":186,"properties":{"fid":186,"Hazard":1,"Train_Test":"Training","aspect":225,"roads":9999,"rivers":500,"ndvi":0.13582,"faults":9999,"profile":-0.00891,"plan":0.03536,"dusaf":3,"dtm":2320},"geometry":{"type":"Point","coordinates":[9.845142534107827,46.329588528834805]}},{"type":"Feature","id":187,"properties":{"fid":187,"Hazard":1,"Train_Test":"Training","aspect":333.43494,"roads":9999,"rivers":9999,"ndvi":0.72727,"faults":9999,"profile":0.01115,"plan":0.03578,"dusaf":3,"dtm":1946},"geometry":{"type":"Point","coordinates":[9.861990923591332,46.299473908211226]}},{"type":"Feature","id":188,"properties":{"fid":188,"Hazard":1,"Train_Test":"Training","aspect":251.56505,"roads":9999,"rivers":9999,"ndvi":0.74316,"faults":250,"profile":-0.01734,"plan":-0.06325,"dusaf":3,"dtm":1967},"geometry":{"type":"Point","coordinates":[9.863169323567764,46.29566913416406]}},{"type":"Feature","id":189,"properties":{"fid":189,"Hazard":1,"Train_Test":"Training","aspect":18.43495,"roads":9999,"rivers":250,"ndvi":-0.0811,"faults":500,"profile":-0.01213,"plan":-0.08222,"dusaf":3,"dtm":2716},"geometry":{"type":"Point","coordinates":[9.851153533574108,46.33468351609691]}},{"type":"Feature","id":190,"properties":{"fid":190,"Hazard":1,"Train_Test":"Training","roads":9999,"rivers":9999,"ndvi":0.65438,"faults":250,"profile":0,"plan":0,"dusaf":3,"dtm":1861},"geometry":{"type":"Point","coordinates":[9.857032070775977,46.29546765439457]}},{"type":"Feature","id":191,"properties":{"fid":191,"Hazard":1,"Train_Test":"Training","aspect":341.56506,"roads":250,"rivers":9999,"ndvi":0.73333,"faults":500,"profile":-0.01734,"plan":-0.06325,"dusaf":3,"dtm":1632},"geometry":{"type":"Point","coordinates":[9.846858316849634,46.30257192896691]}},{"type":"Feature","id":192,"properties":{"fid":192,"Hazard":1,"Train_Test":"Training","aspect":213.69006,"roads":9999,"rivers":9999,"ndvi":0.48326,"faults":500,"profile":0.01153,"plan":0.01707,"dusaf":3,"dtm":2063},"geometry":{"type":"Point","coordinates":[9.872473306016754,46.30560269187687]}},{"type":"Feature","id":193,"properties":{"fid":193,"Hazard":1,"Train_Test":"Training","aspect":225,"roads":9999,"rivers":9999,"ndvi":-0.06485,"faults":250,"profile":0.02912,"plan":0.07071,"dusaf":3,"dtm":2550},"geometry":{"type":"Point","coordinates":[9.82272137477365,46.33741328835018]}},{"type":"Feature","id":194,"properties":{"fid":194,"Hazard":1,"Train_Test":"Training","aspect":270,"roads":9999,"rivers":9999,"ndvi":0.67597,"faults":500,"profile":0,"plan":0,"dusaf":3,"dtm":1867},"geometry":{"type":"Point","coordinates":[9.860959738622116,46.30322845838948]}},{"type":"Feature","id":195,"properties":{"fid":195,"Hazard":1,"Train_Test":"Training","aspect":333.43494,"roads":9999,"rivers":250,"ndvi":-0.07416,"faults":500,"profile":0.00372,"plan":0.07155,"dusaf":3,"dtm":2741},"geometry":{"type":"Point","coordinates":[9.85323521817578,46.33514524162461]}},{"type":"Feature","id":196,"properties":{"fid":196,"Hazard":1,"Train_Test":"Training","aspect":63.43495,"roads":9999,"rivers":9999,"ndvi":0.72449,"faults":500,"profile":-0.00372,"plan":-0.07155,"dusaf":3,"dtm":1956},"geometry":{"type":"Point","coordinates":[9.863987581589265,46.298054606096194]}},{"type":"Feature","id":197,"properties":{"fid":197,"Hazard":1,"Train_Test":"Training","aspect":360,"roads":100,"rivers":9999,"ndvi":0.70127,"faults":100,"profile":0.0197,"plan":0,"dusaf":3,"dtm":1650},"geometry":{"type":"Point","coordinates":[9.846953922464536,46.298855651693046]}},{"type":"Feature","id":198,"properties":{"fid":198,"Hazard":1,"Train_Test":"Training","aspect":243.43495,"roads":9999,"rivers":500,"ndvi":0.70712,"faults":250,"profile":0.00372,"plan":0.07155,"dusaf":3,"dtm":2010},"geometry":{"type":"Point","coordinates":[9.81308654666886,46.32535805615845]}},{"type":"Feature","id":199,"properties":{"fid":199,"Hazard":1,"Train_Test":"Training","aspect":243.43495,"roads":250,"rivers":500,"ndvi":0.64794,"faults":500,"profile":-0.00372,"plan":-0.07155,"dusaf":2,"dtm":1487},"geometry":{"type":"Point","coordinates":[9.839943222346935,46.29828588305086]}},{"type":"Feature","id":200,"properties":{"fid":200,"Hazard":1,"Train_Test":"Training","aspect":90,"roads":500,"rivers":9999,"ndvi":0.71853,"faults":9999,"profile":0,"plan":0,"dusaf":3,"dtm":1625},"geometry":{"type":"Point","coordinates":[9.847776773956639,46.30526810070286]}},{"type":"Feature","id":201,"properties":{"fid":201,"Hazard":1,"Train_Test":"Training","aspect":135,"roads":9999,"rivers":9999,"ndvi":0.18049,"faults":250,"profile":0,"plan":0,"dusaf":3,"dtm":2294},"geometry":{"type":"Point","coordinates":[9.800488954088012,46.33727241379221]}},{"type":"Feature","id":202,"properties":{"fid":202,"Hazard":1,"Train_Test":"Training","aspect":341.56506,"roads":9999,"rivers":9999,"ndvi":-0.11536,"faults":500,"profile":0.01734,"plan":0.06325,"dusaf":3,"dtm":2426},"geometry":{"type":"Point","coordinates":[9.804730971988423,46.286020333474625]}},{"type":"Feature","id":203,"properties":{"fid":203,"Hazard":1,"Train_Test":"Training","aspect":270,"roads":9999,"rivers":9999,"ndvi":-0.04451,"faults":250,"profile":-0.01757,"plan":0,"dusaf":3,"dtm":2360},"geometry":{"type":"Point","coordinates":[9.815747034723282,46.33336616755273]}},{"type":"Feature","id":204,"properties":{"fid":204,"Hazard":1,"Train_Test":"Training","roads":250,"rivers":50,"ndvi":-0.05009,"faults":500,"profile":0,"plan":0,"dusaf":5,"dtm":1613},"geometry":{"type":"Point","coordinates":[9.779259190877111,46.31293174441164]}},{"type":"Feature","id":205,"properties":{"fid":205,"Hazard":1,"Train_Test":"Training","aspect":333.43494,"roads":9999,"rivers":9999,"ndvi":-0.05358,"faults":250,"profile":0.00372,"plan":0.07155,"dusaf":3,"dtm":2745},"geometry":{"type":"Point","coordinates":[9.86657592231687,46.320773837485014]}},{"type":"Feature","id":206,"properties":{"fid":206,"Hazard":1,"Train_Test":"Training","aspect":270,"roads":9999,"rivers":9999,"ndvi":0.01429,"faults":500,"profile":0,"plan":0,"dusaf":3,"dtm":2583},"geometry":{"type":"Point","coordinates":[9.866644727227657,46.31682796338793]}},{"type":"Feature","id":207,"properties":{"fid":207,"Hazard":1,"Train_Test":"Training","aspect":360,"roads":9999,"rivers":9999,"ndvi":0.704,"faults":250,"profile":0,"plan":0,"dusaf":3,"dtm":1978},"geometry":{"type":"Point","coordinates":[9.866324396483567,46.29517487040024]}},{"type":"Feature","id":208,"properties":{"fid":208,"Hazard":1,"Train_Test":"Training","aspect":270,"roads":500,"rivers":9999,"ndvi":0.56596,"faults":9999,"profile":-0.0197,"plan":-0.4,"dusaf":2,"dtm":1617},"geometry":{"type":"Point","coordinates":[9.848889976386106,46.30405718459239]}},{"type":"Feature","id":209,"properties":{"fid":209,"Hazard":1,"Train_Test":"Training","aspect":180,"roads":9999,"rivers":9999,"ndvi":0.31527,"faults":9999,"profile":0.0197,"plan":0,"dusaf":3,"dtm":1982},"geometry":{"type":"Point","coordinates":[9.87562577060204,46.30206083546789]}},{"type":"Feature","id":210,"properties":{"fid":210,"Hazard":1,"Train_Test":"Training","aspect":360,"roads":9999,"rivers":9999,"ndvi":0.42169,"faults":250,"profile":-0.0197,"plan":0,"dusaf":2,"dtm":2007},"geometry":{"type":"Point","coordinates":[9.870965140309643,46.2923868171472]}},{"type":"Feature","id":211,"properties":{"fid":211,"Hazard":1,"Train_Test":"Training","aspect":251.56505,"roads":9999,"rivers":500,"ndvi":0.53308,"faults":250,"profile":-0.02254,"plan":-0.04427,"dusaf":3,"dtm":2012},"geometry":{"type":"Point","coordinates":[9.813182384323937,46.325535464551066]}},{"type":"Feature","id":212,"properties":{"fid":212,"Hazard":1,"Train_Test":"Training","aspect":270,"roads":9999,"rivers":50,"ndvi":0.73472,"faults":500,"profile":0,"plan":0,"dusaf":3,"dtm":1815},"geometry":{"type":"Point","coordinates":[9.834359415252912,46.3170445037854]}},{"type":"Feature","id":213,"properties":{"fid":213,"Hazard":1,"Train_Test":"Training","aspect":315,"roads":9999,"rivers":9999,"ndvi":0.32549,"faults":250,"profile":0.02912,"plan":0.07071,"dusaf":3,"dtm":2110},"geometry":{"type":"Point","coordinates":[9.879226676383555,46.29363288894997]}},{"type":"Feature","id":214,"properties":{"fid":214,"Hazard":1,"Train_Test":"Training","aspect":270,"roads":250,"rivers":100,"ndvi":0.04272,"faults":250,"profile":-0.0197,"plan":0,"dusaf":13,"dtm":1408},"geometry":{"type":"Point","coordinates":[9.83194724628156,46.30262154692011]}},{"type":"Feature","id":215,"properties":{"fid":215,"Hazard":1,"Train_Test":"Training","aspect":333.43494,"roads":500,"rivers":500,"ndvi":0.52714,"faults":9999,"profile":-0.00372,"plan":-0.07155,"dusaf":3,"dtm":1337},"geometry":{"type":"Point","coordinates":[9.846130414657893,46.27612008038913]}},{"type":"Feature","id":216,"properties":{"fid":216,"Hazard":1,"Train_Test":"Training","aspect":116.56505,"roads":500,"rivers":250,"ndvi":0.74123,"faults":250,"profile":0.00372,"plan":0.07155,"dusaf":2,"dtm":1505},"geometry":{"type":"Point","coordinates":[9.809625388922901,46.31304277899625]}},{"type":"Feature","id":217,"properties":{"fid":217,"Hazard":1,"Train_Test":"Training","aspect":33.69007,"roads":9999,"rivers":9999,"ndvi":-0.04908,"faults":100,"profile":-0.01153,"plan":-0.01707,"dusaf":3,"dtm":2624},"geometry":{"type":"Point","coordinates":[9.877800690682603,46.31485909839239]}},{"type":"Feature","id":218,"properties":{"fid":218,"Hazard":1,"Train_Test":"Training","aspect":45,"roads":9999,"rivers":9999,"ndvi":0.65746,"faults":500,"profile":0,"plan":0,"dusaf":3,"dtm":1972},"geometry":{"type":"Point","coordinates":[9.869135390122729,46.296067791828186]}},{"type":"Feature","id":219,"properties":{"fid":219,"Hazard":1,"Train_Test":"Training","aspect":161.56505,"roads":50,"rivers":250,"ndvi":0.85847,"faults":9999,"profile":-0.05374,"plan":-0.05692,"dusaf":3,"dtm":1590},"geometry":{"type":"Point","coordinates":[9.802453769309833,46.31875659126121]}},{"type":"Feature","id":220,"properties":{"fid":220,"Hazard":1,"Train_Test":"Training","aspect":360,"roads":100,"rivers":50,"ndvi":0.09262,"faults":500,"profile":-0.01757,"plan":0,"dusaf":3,"dtm":1590},"geometry":{"type":"Point","coordinates":[9.78878915473537,46.31550491654619]}},{"type":"Feature","id":221,"properties":{"fid":221,"Hazard":1,"Train_Test":"Training","aspect":161.56505,"roads":9999,"rivers":9999,"ndvi":0.25564,"faults":9999,"profile":0.02254,"plan":0.04427,"dusaf":3,"dtm":1990},"geometry":{"type":"Point","coordinates":[9.874607461640323,46.30234985073096]}},{"type":"Feature","id":222,"properties":{"fid":222,"Hazard":1,"Train_Test":"Training","aspect":45,"roads":500,"rivers":250,"ndvi":0.7322,"faults":500,"profile":-0.01941,"plan":-0.14142,"dusaf":3,"dtm":1555},"geometry":{"type":"Point","coordinates":[9.807044499807636,46.314782881697454]}},{"type":"Feature","id":223,"properties":{"fid":223,"Hazard":1,"Train_Test":"Training","aspect":251.56505,"roads":250,"rivers":9999,"ndvi":0.56541,"faults":500,"profile":0.01213,"plan":0.08222,"dusaf":3,"dtm":1762},"geometry":{"type":"Point","coordinates":[9.85337413733068,46.30112355168924]}},{"type":"Feature","id":224,"properties":{"fid":224,"Hazard":1,"Train_Test":"Training","aspect":288.43494,"roads":9999,"rivers":9999,"ndvi":0.23897,"faults":9999,"profile":-0.01734,"plan":-0.06325,"dusaf":3,"dtm":2009},"geometry":{"type":"Point","coordinates":[9.877846553230539,46.29802259352466]}},{"type":"Feature","id":225,"properties":{"fid":225,"Hazard":1,"Train_Test":"Training","aspect":288.43494,"roads":9999,"rivers":9999,"ndvi":0.64181,"faults":500,"profile":0.01734,"plan":0.06325,"dusaf":3,"dtm":1936},"geometry":{"type":"Point","coordinates":[9.86464626403273,46.301830235065864]}},{"type":"Feature","id":226,"properties":{"fid":226,"Hazard":1,"Train_Test":"Training","aspect":270,"roads":9999,"rivers":9999,"ndvi":0.12354,"faults":250,"profile":-0.0197,"plan":0,"dusaf":3,"dtm":2300},"geometry":{"type":"Point","coordinates":[9.810702173372569,46.33537317030202]}},{"type":"Feature","id":227,"properties":{"fid":227,"Hazard":1,"Train_Test":"Training","aspect":270,"roads":9999,"rivers":9999,"ndvi":0.06922,"faults":500,"profile":0,"plan":0,"dusaf":3,"dtm":2341},"geometry":{"type":"Point","coordinates":[9.851479859281897,46.32313835593193]}},{"type":"Feature","id":228,"properties":{"fid":228,"Hazard":1,"Train_Test":"Training","aspect":90,"roads":50,"rivers":100,"ndvi":0.69133,"faults":500,"profile":0.0197,"plan":0,"dusaf":3,"dtm":1624},"geometry":{"type":"Point","coordinates":[9.785049333262862,46.31519441329974]}},{"type":"Feature","id":229,"properties":{"fid":229,"Hazard":1,"Train_Test":"Training","aspect":206.56505,"roads":9999,"rivers":9999,"ndvi":0.41082,"faults":500,"profile":-0.00372,"plan":-0.07155,"dusaf":3,"dtm":2046},"geometry":{"type":"Point","coordinates":[9.874299818870933,46.30510131259589]}},{"type":"Feature","id":230,"properties":{"fid":230,"Hazard":1,"Train_Test":"Training","aspect":360,"roads":500,"rivers":250,"ndvi":0.74517,"faults":500,"profile":-0.0197,"plan":0,"dusaf":3,"dtm":1559},"geometry":{"type":"Point","coordinates":[9.806550459993245,46.314536339520295]}},{"type":"Feature","id":231,"properties":{"fid":231,"Hazard":1,"Train_Test":"Training","aspect":225,"roads":500,"rivers":9999,"ndvi":0.76592,"faults":9999,"profile":0.0234,"plan":0.02357,"dusaf":3,"dtm":1619},"geometry":{"type":"Point","coordinates":[9.843314111345283,46.3052325664608]}},{"type":"Feature","id":232,"properties":{"fid":232,"Hazard":1,"Train_Test":"Training","aspect":180,"roads":9999,"rivers":9999,"ndvi":-0.06164,"faults":100,"profile":0,"plan":0,"dusaf":3,"dtm":2737},"geometry":{"type":"Point","coordinates":[9.874470656288524,46.31719853209097]}},{"type":"Feature","id":233,"properties":{"fid":233,"Hazard":1,"Train_Test":"Training","aspect":251.56505,"roads":9999,"rivers":9999,"ndvi":0.31982,"faults":250,"profile":-0.01734,"plan":-0.06325,"dusaf":3,"dtm":2234},"geometry":{"type":"Point","coordinates":[9.802474821441779,46.33397502911046]}},{"type":"Feature","id":234,"properties":{"fid":234,"Hazard":1,"Train_Test":"Training","aspect":135,"roads":9999,"rivers":9999,"ndvi":-0.05073,"faults":250,"profile":0.0156,"plan":0.04714,"dusaf":3,"dtm":2717},"geometry":{"type":"Point","coordinates":[9.874166328108341,46.315604497223646]}},{"type":"Feature","id":235,"properties":{"fid":235,"Hazard":1,"Train_Test":"Training","aspect":45,"roads":500,"rivers":100,"ndvi":0.62349,"faults":100,"profile":-0.02912,"plan":-0.07071,"dusaf":3,"dtm":1416},"geometry":{"type":"Point","coordinates":[9.826899592656815,46.30487146650403]}},{"type":"Feature","id":236,"properties":{"fid":236,"Hazard":1,"Train_Test":"Training","aspect":360,"roads":9999,"rivers":500,"ndvi":0.67986,"faults":250,"profile":0,"plan":0,"dusaf":3,"dtm":1844},"geometry":{"type":"Point","coordinates":[9.796846516701446,46.312445938715186]}},{"type":"Feature","id":237,"properties":{"fid":237,"Hazard":1,"Train_Test":"Training","aspect":270,"roads":9999,"rivers":9999,"ndvi":0.52988,"faults":500,"profile":0,"plan":0,"dusaf":3,"dtm":1680},"geometry":{"type":"Point","coordinates":[9.84511029388995,46.30840933524661]}},{"type":"Feature","id":238,"properties":{"fid":238,"Hazard":1,"Train_Test":"Training","aspect":90,"roads":9999,"rivers":100,"ndvi":0.63199,"faults":100,"profile":-0.0197,"plan":0,"dusaf":3,"dtm":1657},"geometry":{"type":"Point","coordinates":[9.768104430330478,46.311721779154645]}},{"type":"Feature","id":239,"properties":{"fid":239,"Hazard":1,"Train_Test":"Training","aspect":63.43495,"roads":9999,"rivers":9999,"ndvi":0.20802,"faults":250,"profile":-0.03346,"plan":-0.10733,"dusaf":3,"dtm":1797},"geometry":{"type":"Point","coordinates":[9.804930878356009,46.31071047118163]}},{"type":"Feature","id":240,"properties":{"fid":240,"Hazard":1,"Train_Test":"Training","roads":9999,"rivers":9999,"ndvi":0.70888,"faults":9999,"profile":0,"plan":0,"dusaf":3,"dtm":1948},"geometry":{"type":"Point","coordinates":[9.875077774979143,46.29972153187877]}},{"type":"Feature","id":241,"properties":{"fid":241,"Hazard":1,"Train_Test":"Training","aspect":90,"roads":500,"rivers":100,"ndvi":0.7222,"faults":100,"profile":0.0197,"plan":0,"dusaf":3,"dtm":1410},"geometry":{"type":"Point","coordinates":[9.8300102710194,46.30261395577914]}},{"type":"Feature","id":242,"properties":{"fid":242,"Hazard":1,"Train_Test":"Training","aspect":225,"roads":9999,"rivers":9999,"ndvi":0.61188,"faults":500,"profile":0.00971,"plan":0.21213,"dusaf":3,"dtm":1909},"geometry":{"type":"Point","coordinates":[9.862247573868649,46.30213120124217]}},{"type":"Feature","id":243,"properties":{"fid":243,"Hazard":1,"Train_Test":"Training","aspect":161.56505,"roads":9999,"rivers":9999,"ndvi":0.34024,"faults":9999,"profile":0.01734,"plan":0.06325,"dusaf":3,"dtm":2342},"geometry":{"type":"Point","coordinates":[9.781532786648995,46.3254279419344]}},{"type":"Feature","id":244,"properties":{"fid":244,"Hazard":1,"Train_Test":"Training","aspect":333.43494,"roads":9999,"rivers":9999,"ndvi":-0.09915,"faults":500,"profile":-0.00372,"plan":-0.07155,"dusaf":3,"dtm":2393},"geometry":{"type":"Point","coordinates":[9.804802681006617,46.287373213687076]}},{"type":"Feature","id":245,"properties":{"fid":245,"Hazard":1,"Train_Test":"Training","aspect":360,"roads":9999,"rivers":500,"ndvi":-0.10545,"faults":250,"profile":-0.01757,"plan":0,"dusaf":3,"dtm":2779},"geometry":{"type":"Point","coordinates":[9.855549748969635,46.33439342987991]}},{"type":"Feature","id":246,"properties":{"fid":246,"Hazard":1,"Train_Test":"Training","aspect":90,"roads":9999,"rivers":250,"ndvi":0.64052,"faults":500,"profile":-0.03771,"plan":0,"dusaf":3,"dtm":1970},"geometry":{"type":"Point","coordinates":[9.809732238054263,46.33024476146771]}},{"type":"Feature","id":247,"properties":{"fid":247,"Hazard":1,"Train_Test":"Training","aspect":243.43495,"roads":9999,"rivers":100,"ndvi":0.64335,"faults":9999,"profile":-0.00372,"plan":0.10733,"dusaf":3,"dtm":1801},"geometry":{"type":"Point","coordinates":[9.832877926140439,46.31776834618981]}},{"type":"Feature","id":248,"properties":{"fid":248,"Hazard":1,"Train_Test":"Training","aspect":315,"roads":9999,"rivers":250,"ndvi":-0.04771,"faults":500,"profile":-0.01941,"plan":-0.14142,"dusaf":3,"dtm":2743},"geometry":{"type":"Point","coordinates":[9.854132759223571,46.3352056146867]}},{"type":"Feature","id":249,"properties":{"fid":249,"Hazard":1,"Train_Test":"Training","aspect":198.43495,"roads":9999,"rivers":50,"ndvi":-0.09246,"faults":9999,"profile":0.01213,"plan":0.08222,"dusaf":3,"dtm":2633},"geometry":{"type":"Point","coordinates":[9.846667490952203,46.33656174220925]}},{"type":"Feature","id":250,"properties":{"fid":250,"Hazard":1,"Train_Test":"Training","aspect":360,"roads":500,"rivers":250,"ndvi":0.54308,"faults":500,"profile":0.0197,"plan":0,"dusaf":3,"dtm":1618},"geometry":{"type":"Point","coordinates":[9.779154851926954,46.312043578088456]}},{"type":"Feature","id":251,"properties":{"fid":251,"Hazard":1,"Train_Test":"Training","aspect":135,"roads":9999,"rivers":9999,"ndvi":0.25484,"faults":9999,"profile":0,"plan":0,"dusaf":3,"dtm":2264},"geometry":{"type":"Point","coordinates":[9.779260374309711,46.324056974101346]}},{"type":"Feature","id":252,"properties":{"fid":252,"Hazard":1,"Train_Test":"Training","aspect":135,"roads":9999,"rivers":9999,"ndvi":0.16145,"faults":9999,"profile":0.01941,"plan":0.14142,"dusaf":3,"dtm":1990},"geometry":{"type":"Point","coordinates":[9.875459974289965,46.30254804807962]}},{"type":"Feature","id":253,"properties":{"fid":253,"Hazard":1,"Train_Test":"Training","roads":9999,"rivers":9999,"ndvi":0.19038,"faults":500,"profile":0,"plan":0,"dusaf":3,"dtm":2547},"geometry":{"type":"Point","coordinates":[9.824092433958208,46.33606597866794]}},{"type":"Feature","id":254,"properties":{"fid":254,"Hazard":1,"Train_Test":"Training","aspect":123.69007,"roads":9999,"rivers":9999,"ndvi":0.61898,"faults":500,"profile":-0.00384,"plan":0.06827,"dusaf":3,"dtm":2180},"geometry":{"type":"Point","coordinates":[9.820980112675862,46.32609543694118]}},{"type":"Feature","id":255,"properties":{"fid":255,"Hazard":1,"Train_Test":"Training","aspect":45,"roads":500,"rivers":500,"ndvi":0.62871,"faults":9999,"profile":0,"plan":0,"dusaf":13,"dtm":1283},"geometry":{"type":"Point","coordinates":[9.843594624494171,46.27796247777006]}},{"type":"Feature","id":256,"properties":{"fid":256,"Hazard":1,"Train_Test":"Training","aspect":135,"roads":250,"rivers":100,"ndvi":0.41345,"faults":9999,"profile":0.01941,"plan":0.14142,"dusaf":2,"dtm":948},"geometry":{"type":"Point","coordinates":[9.853095182321397,46.26890991046769]}},{"type":"Feature","id":257,"properties":{"fid":257,"Hazard":1,"Train_Test":"Training","aspect":315,"roads":9999,"rivers":9999,"ndvi":0.33813,"faults":50,"profile":-0.01941,"plan":-0.14142,"dusaf":2,"dtm":1997},"geometry":{"type":"Point","coordinates":[9.869400795913775,46.293382150224296]}},{"type":"Feature","id":258,"properties":{"fid":258,"Hazard":1,"Train_Test":"Training","aspect":270,"roads":9999,"rivers":9999,"ndvi":0.70743,"faults":9999,"profile":0.0197,"plan":0,"dusaf":3,"dtm":1949},"geometry":{"type":"Point","coordinates":[9.874973744540391,46.29905307095559]}},{"type":"Feature","id":259,"properties":{"fid":259,"Hazard":1,"Train_Test":"Training","aspect":225,"roads":9999,"rivers":9999,"ndvi":-0.03603,"faults":500,"profile":0,"plan":0,"dusaf":3,"dtm":2648},"geometry":{"type":"Point","coordinates":[9.863954492968869,46.32345400423377]}},{"type":"Feature","id":260,"properties":{"fid":260,"Hazard":1,"Train_Test":"Training","aspect":45,"roads":250,"rivers":9999,"ndvi":0.70499,"faults":500,"profile":-0.00971,"plan":-0.21213,"dusaf":3,"dtm":1798},"geometry":{"type":"Point","coordinates":[9.855438552982113,46.30017268005376]}},{"type":"Feature","id":261,"properties":{"fid":261,"Hazard":1,"Train_Test":"Training","aspect":161.56505,"roads":9999,"rivers":250,"ndvi":0.69299,"faults":9999,"profile":0.02254,"plan":0.04427,"dusaf":3,"dtm":2011},"geometry":{"type":"Point","coordinates":[9.83706510356071,46.323929976485175]}},{"type":"Feature","id":262,"properties":{"fid":262,"Hazard":1,"Train_Test":"Training","aspect":63.43495,"roads":9999,"rivers":9999,"ndvi":0.57795,"faults":500,"profile":0.01115,"plan":0.03578,"dusaf":3,"dtm":2079},"geometry":{"type":"Point","coordinates":[9.879291780940237,46.29581365126129]}},{"type":"Feature","id":263,"properties":{"fid":263,"Hazard":1,"Train_Test":"Training","aspect":243.43495,"roads":100,"rivers":250,"ndvi":0.51633,"faults":500,"profile":-0.04833,"plan":-0.03578,"dusaf":13,"dtm":1412},"geometry":{"type":"Point","coordinates":[9.832334228657198,46.30338874180986]}},{"type":"Feature","id":264,"properties":{"fid":264,"Hazard":1,"Train_Test":"Training","aspect":225,"roads":9999,"rivers":9999,"ndvi":0.59539,"faults":250,"profile":-0.02912,"plan":-0.07071,"dusaf":2,"dtm":2000},"geometry":{"type":"Point","coordinates":[9.863731138780485,46.291117531671254]}},{"type":"Feature","id":265,"properties":{"fid":265,"Hazard":1,"Train_Test":"Training","aspect":315,"roads":250,"rivers":9999,"ndvi":0.59657,"faults":250,"profile":0.01941,"plan":0.14142,"dusaf":3,"dtm":1782},"geometry":{"type":"Point","coordinates":[9.853965489351292,46.29801183033758]}},{"type":"Feature","id":266,"properties":{"fid":266,"Hazard":1,"Train_Test":"Training","aspect":315,"roads":500,"rivers":9999,"ndvi":0.60155,"faults":100,"profile":0.00891,"plan":-0.03536,"dusaf":3,"dtm":1817},"geometry":{"type":"Point","coordinates":[9.854996313049334,46.296090932495716]}},{"type":"Feature","id":267,"properties":{"fid":267,"Hazard":1,"Train_Test":"Training","aspect":251.56505,"roads":500,"rivers":9999,"ndvi":0.54365,"faults":9999,"profile":-0.01734,"plan":-0.06325,"dusaf":3,"dtm":1580},"geometry":{"type":"Point","coordinates":[9.841441102466852,46.30451687798321]}},{"type":"Feature","id":268,"properties":{"fid":268,"Hazard":1,"Train_Test":"Training","aspect":225,"roads":250,"rivers":500,"ndvi":0.56533,"faults":500,"profile":-0.01941,"plan":-0.14142,"dusaf":2,"dtm":1482},"geometry":{"type":"Point","coordinates":[9.840199281097211,46.297175649720835]}},{"type":"Feature","id":269,"properties":{"fid":269,"Hazard":1,"Train_Test":"Training","aspect":45,"roads":9999,"rivers":9999,"ndvi":0.30796,"faults":250,"profile":0.01941,"plan":0.14142,"dusaf":3,"dtm":2371},"geometry":{"type":"Point","coordinates":[9.795427656674116,46.297233528400504]}},{"type":"Feature","id":270,"properties":{"fid":270,"Hazard":1,"Train_Test":"Training","aspect":270,"roads":9999,"rivers":9999,"ndvi":0.68434,"faults":500,"profile":-0.01757,"plan":0,"dusaf":3,"dtm":1647},"geometry":{"type":"Point","coordinates":[9.842967417279985,46.30665954101929]}},{"type":"Feature","id":271,"properties":{"fid":271,"Hazard":1,"Train_Test":"Training","aspect":191.30994,"roads":500,"rivers":9999,"ndvi":0.82295,"faults":500,"profile":0.01142,"plan":0.04677,"dusaf":3,"dtm":1629},"geometry":{"type":"Point","coordinates":[9.847617741979521,46.2956927302753]}},{"type":"Feature","id":272,"properties":{"fid":272,"Hazard":1,"Train_Test":"Training","aspect":90,"roads":50,"rivers":250,"ndvi":0.60233,"faults":9999,"profile":-0.01757,"plan":0,"dusaf":2,"dtm":954},"geometry":{"type":"Point","coordinates":[9.852391679221178,46.26759036527473]}},{"type":"Feature","id":273,"properties":{"fid":273,"Hazard":1,"Train_Test":"Training","aspect":198.43495,"roads":9999,"rivers":9999,"ndvi":-0.07204,"faults":100,"profile":-0.01213,"plan":-0.08222,"dusaf":3,"dtm":2748},"geometry":{"type":"Point","coordinates":[9.875979074863979,46.31739341756057]}},{"type":"Feature","id":274,"properties":{"fid":274,"Hazard":1,"Train_Test":"Training","aspect":123.69007,"roads":9999,"rivers":500,"ndvi":0.70434,"faults":500,"profile":0.00384,"plan":0.04267,"dusaf":3,"dtm":2069},"geometry":{"type":"Point","coordinates":[9.799583811308391,46.325196486094136]}},{"type":"Feature","id":275,"properties":{"fid":275,"Hazard":1,"Train_Test":"Training","aspect":270,"roads":100,"rivers":250,"ndvi":0.52632,"faults":500,"profile":-0.01757,"plan":0,"dusaf":13,"dtm":1416},"geometry":{"type":"Point","coordinates":[9.832845356573682,46.303033642907295]}},{"type":"Feature","id":276,"properties":{"fid":276,"Hazard":1,"Train_Test":"Training","aspect":270,"roads":100,"rivers":9999,"ndvi":0.77805,"faults":500,"profile":0,"plan":0,"dusaf":3,"dtm":1650},"geometry":{"type":"Point","coordinates":[9.846716992907092,46.30081388384712]}},{"type":"Feature","id":277,"properties":{"fid":277,"Hazard":1,"Train_Test":"Training","aspect":206.56505,"roads":500,"rivers":9999,"ndvi":0.75774,"faults":9999,"profile":-0.00372,"plan":-0.07155,"dusaf":3,"dtm":1619},"geometry":{"type":"Point","coordinates":[9.84272082200095,46.30576130245684]}},{"type":"Feature","id":278,"properties":{"fid":278,"Hazard":1,"Train_Test":"Training","aspect":360,"roads":9999,"rivers":9999,"ndvi":0.66073,"faults":500,"profile":0,"plan":0,"dusaf":3,"dtm":1934},"geometry":{"type":"Point","coordinates":[9.865757227109102,46.29791800405927]}},{"type":"Feature","id":279,"properties":{"fid":279,"Hazard":1,"Train_Test":"Training","aspect":135,"roads":9999,"rivers":250,"ndvi":0.71962,"faults":250,"profile":0.01941,"plan":0.14142,"dusaf":3,"dtm":1649},"geometry":{"type":"Point","coordinates":[9.769803127830343,46.312386072361356]}},{"type":"Feature","id":280,"properties":{"fid":280,"Hazard":1,"Train_Test":"Training","aspect":153.43495,"roads":500,"rivers":9999,"ndvi":0.51391,"faults":9999,"profile":0.00372,"plan":-0.10733,"dusaf":2,"dtm":1322},"geometry":{"type":"Point","coordinates":[9.842161240224858,46.274967111123466]}},{"type":"Feature","id":281,"properties":{"fid":281,"Hazard":1,"Train_Test":"Training","roads":500,"rivers":500,"ndvi":0.46516,"faults":9999,"profile":0,"plan":0,"dusaf":3,"dtm":1339},"geometry":{"type":"Point","coordinates":[9.845956231845683,46.275898151508216]}},{"type":"Feature","id":282,"properties":{"fid":282,"Hazard":1,"Train_Test":"Training","aspect":180,"roads":9999,"rivers":9999,"ndvi":0.33527,"faults":9999,"profile":0,"plan":0,"dusaf":3,"dtm":2304},"geometry":{"type":"Point","coordinates":[9.777646032498446,46.324781214023204]}},{"type":"Feature","id":283,"properties":{"fid":283,"Hazard":1,"Train_Test":"Training","aspect":315,"roads":9999,"rivers":9999,"ndvi":0.6653,"faults":9999,"profile":0,"plan":0,"dusaf":3,"dtm":1889},"geometry":{"type":"Point","coordinates":[9.859924538219417,46.301430850782204]}},{"type":"Feature","id":284,"properties":{"fid":284,"Hazard":1,"Train_Test":"Training","aspect":251.56505,"roads":9999,"rivers":9999,"ndvi":0.6235,"faults":250,"profile":0.02254,"plan":0.04427,"dusaf":3,"dtm":1936},"geometry":{"type":"Point","coordinates":[9.869672046486485,46.3031310803395]}},{"type":"Feature","id":285,"properties":{"fid":285,"Hazard":1,"Train_Test":"Training","aspect":135,"roads":100,"rivers":9999,"ndvi":0.5373,"faults":9999,"profile":0,"plan":0,"dusaf":3,"dtm":1246},"geometry":{"type":"Point","coordinates":[9.844943801290226,46.27209394150521]}},{"type":"Feature","id":286,"properties":{"fid":286,"Hazard":1,"Train_Test":"Training","aspect":333.43494,"roads":250,"rivers":100,"ndvi":0.78162,"faults":500,"profile":0.00372,"plan":0.07155,"dusaf":3,"dtm":1557},"geometry":{"type":"Point","coordinates":[9.801247114820569,46.31622126260413]}},{"type":"Feature","id":287,"properties":{"fid":287,"Hazard":1,"Train_Test":"Training","aspect":90,"roads":9999,"rivers":9999,"ndvi":0.6259,"faults":50,"profile":0,"plan":0,"dusaf":3,"dtm":2000},"geometry":{"type":"Point","coordinates":[9.867345940393733,46.29364089430077]}},{"type":"Feature","id":288,"properties":{"fid":288,"Hazard":1,"Train_Test":"Training","aspect":315,"roads":9999,"rivers":9999,"ndvi":0.52043,"faults":250,"profile":0.00891,"plan":-0.03536,"dusaf":2,"dtm":1983},"geometry":{"type":"Point","coordinates":[9.86498482561833,46.29269408844125]}},{"type":"Feature","id":289,"properties":{"fid":289,"Hazard":1,"Train_Test":"Training","aspect":198.43495,"roads":9999,"rivers":9999,"ndvi":0.67226,"faults":9999,"profile":-0.01734,"plan":-0.06325,"dusaf":3,"dtm":2028},"geometry":{"type":"Point","coordinates":[9.879458158141482,46.30341626965647]}},{"type":"Feature","id":290,"properties":{"fid":290,"Hazard":1,"Train_Test":"Training","aspect":198.43495,"roads":9999,"rivers":9999,"ndvi":0.35201,"faults":500,"profile":-0.01734,"plan":-0.06325,"dusaf":3,"dtm":2302},"geometry":{"type":"Point","coordinates":[9.831982875051938,46.32827666898148]}},{"type":"Feature","id":291,"properties":{"fid":291,"Hazard":1,"Train_Test":"Training","roads":9999,"rivers":9999,"ndvi":-0.05302,"faults":100,"profile":0,"plan":0,"dusaf":3,"dtm":2307},"geometry":{"type":"Point","coordinates":[9.812139682855456,46.33550940213166]}},{"type":"Feature","id":292,"properties":{"fid":292,"Hazard":1,"Train_Test":"Training","roads":9999,"rivers":9999,"ndvi":-0.01479,"faults":100,"profile":0,"plan":0,"dusaf":3,"dtm":2366},"geometry":{"type":"Point","coordinates":[9.797457644974491,46.30019271300612]}},{"type":"Feature","id":293,"properties":{"fid":293,"Hazard":1,"Train_Test":"Training","aspect":161.56505,"roads":100,"rivers":9999,"ndvi":0.53576,"faults":9999,"profile":-0.01734,"plan":-0.06325,"dusaf":11,"dtm":1292},"geometry":{"type":"Point","coordinates":[9.842389873802418,46.27223479138907]}},{"type":"Feature","id":294,"properties":{"fid":294,"Hazard":1,"Train_Test":"Training","aspect":225,"roads":9999,"rivers":9999,"ndvi":0.6631,"faults":9999,"profile":0.00971,"plan":0.21213,"dusaf":2,"dtm":1602},"geometry":{"type":"Point","coordinates":[9.839941215366357,46.306990889030345]}},{"type":"Feature","id":295,"properties":{"fid":295,"Hazard":1,"Train_Test":"Training","roads":500,"rivers":100,"ndvi":0.03476,"faults":250,"profile":0,"plan":0,"dusaf":3,"dtm":1413},"geometry":{"type":"Point","coordinates":[9.828189742701799,46.30468110952154]}},{"type":"Feature","id":296,"properties":{"fid":296,"Hazard":1,"Train_Test":"Training","aspect":270,"roads":100,"rivers":500,"ndvi":0.18034,"faults":9999,"profile":0,"plan":0,"dusaf":11,"dtm":1482},"geometry":{"type":"Point","coordinates":[9.838254475292327,46.29924494294911]}},{"type":"Feature","id":297,"properties":{"fid":297,"Hazard":1,"Train_Test":"Training","aspect":198.43495,"roads":9999,"rivers":9999,"ndvi":0.22833,"faults":100,"profile":0.02254,"plan":0.04427,"dusaf":3,"dtm":2258},"geometry":{"type":"Point","coordinates":[9.824791748365428,46.328740820793115]}},{"type":"Feature","id":298,"properties":{"fid":298,"Hazard":1,"Train_Test":"Training","aspect":288.43494,"roads":9999,"rivers":9999,"ndvi":0.27465,"faults":9999,"profile":0.01213,"plan":0.08222,"dusaf":3,"dtm":2290},"geometry":{"type":"Point","coordinates":[9.848297695800957,46.325291978335656]}},{"type":"Feature","id":299,"properties":{"fid":299,"Hazard":1,"Train_Test":"Training","aspect":225,"roads":9999,"rivers":9999,"ndvi":0.01214,"faults":250,"profile":-0.01941,"plan":-0.14142,"dusaf":3,"dtm":2576},"geometry":{"type":"Point","coordinates":[9.826091736285605,46.33685273882809]}},{"type":"Feature","id":300,"properties":{"fid":300,"Hazard":1,"Train_Test":"Training","aspect":161.56505,"roads":9999,"rivers":9999,"ndvi":0.01728,"faults":500,"profile":0.01213,"plan":0.08222,"dusaf":3,"dtm":2490},"geometry":{"type":"Point","coordinates":[9.80565759336411,46.34069543794984]}},{"type":"Feature","id":301,"properties":{"fid":301,"Hazard":1,"Train_Test":"Training","aspect":45,"roads":9999,"rivers":9999,"ndvi":0.19298,"faults":50,"profile":0,"plan":0,"dusaf":3,"dtm":2223},"geometry":{"type":"Point","coordinates":[9.811134433624632,46.2947431137926]}},{"type":"Feature","id":302,"properties":{"fid":302,"Hazard":1,"Train_Test":"Training","aspect":360,"roads":9999,"rivers":250,"ndvi":-0.06952,"faults":500,"profile":-0.01757,"plan":0,"dusaf":3,"dtm":2741},"geometry":{"type":"Point","coordinates":[9.855042818653125,46.33567492624261]}},{"type":"Feature","id":303,"properties":{"fid":303,"Hazard":1,"Train_Test":"Training","aspect":251.56505,"roads":50,"rivers":500,"ndvi":0.61611,"faults":500,"profile":-0.02254,"plan":-0.04427,"dusaf":2,"dtm":1501},"geometry":{"type":"Point","coordinates":[9.83940629600564,46.29978578910586]}},{"type":"Feature","id":304,"properties":{"fid":304,"Hazard":1,"Train_Test":"Training","aspect":333.43494,"roads":9999,"rivers":9999,"ndvi":0.22057,"faults":9999,"profile":0.01115,"plan":0.03578,"dusaf":3,"dtm":2289},"geometry":{"type":"Point","coordinates":[9.848777575123664,46.32567388353418]}},{"type":"Feature","id":305,"properties":{"fid":305,"Hazard":1,"Train_Test":"Training","aspect":90,"roads":250,"rivers":9999,"ndvi":0.64551,"faults":9999,"profile":0,"plan":0,"dusaf":2,"dtm":1313},"geometry":{"type":"Point","coordinates":[9.841987301250848,46.27371079099148]}},{"type":"Feature","id":306,"properties":{"fid":306,"Hazard":1,"Train_Test":"Training","aspect":288.43494,"roads":100,"rivers":9999,"ndvi":0.55139,"faults":250,"profile":-0.01213,"plan":-0.08222,"dusaf":2,"dtm":1709},"geometry":{"type":"Point","coordinates":[9.851366151815036,46.299360433398405]}},{"type":"Feature","id":307,"properties":{"fid":307,"Hazard":1,"Train_Test":"Training","aspect":45,"roads":500,"rivers":100,"ndvi":0.62799,"faults":250,"profile":-0.02912,"plan":-0.07071,"dusaf":3,"dtm":1415},"geometry":{"type":"Point","coordinates":[9.82760054894388,46.30440189939415]}},{"type":"Feature","id":308,"properties":{"fid":308,"Hazard":1,"Train_Test":"Training","aspect":288.43494,"roads":9999,"rivers":9999,"ndvi":0.73284,"faults":500,"profile":0.01734,"plan":0.06325,"dusaf":3,"dtm":1905},"geometry":{"type":"Point","coordinates":[9.85943882681241,46.297068245502864]}},{"type":"Feature","id":309,"properties":{"fid":309,"Hazard":1,"Train_Test":"Training","aspect":360,"roads":9999,"rivers":9999,"ndvi":0.70173,"faults":250,"profile":0.01757,"plan":0,"dusaf":3,"dtm":1767},"geometry":{"type":"Point","coordinates":[9.822790676986058,46.29964367031971]}},{"type":"Feature","id":310,"properties":{"fid":310,"Hazard":1,"Train_Test":"Training","aspect":135,"roads":9999,"rivers":9999,"ndvi":0.76282,"faults":500,"profile":0,"plan":0,"dusaf":3,"dtm":2164},"geometry":{"type":"Point","coordinates":[9.821610123758523,46.32579464635087]}},{"type":"Feature","id":311,"properties":{"fid":311,"Hazard":1,"Train_Test":"Training","aspect":111.44774,"roads":9999,"rivers":9999,"ndvi":0.08745,"faults":500,"profile":0.00083,"plan":0.02446,"dusaf":3,"dtm":2566},"geometry":{"type":"Point","coordinates":[9.804245091378775,46.34133593277036]}},{"type":"Feature","id":312,"properties":{"fid":312,"Hazard":1,"Train_Test":"Training","aspect":270,"roads":9999,"rivers":9999,"ndvi":0.33317,"faults":50,"profile":0,"plan":0,"dusaf":3,"dtm":2271},"geometry":{"type":"Point","coordinates":[9.80857691320299,46.334323518990885]}},{"type":"Feature","id":313,"properties":{"fid":313,"Hazard":1,"Train_Test":"Training","aspect":206.56505,"roads":50,"rivers":250,"ndvi":0.606,"faults":500,"profile":0.01115,"plan":0.03578,"dusaf":2,"dtm":1444},"geometry":{"type":"Point","coordinates":[9.833835211878446,46.30194798143042]}},{"type":"Feature","id":314,"properties":{"fid":314,"Hazard":1,"Train_Test":"Training","aspect":333.43494,"roads":9999,"rivers":9999,"ndvi":0.30707,"faults":100,"profile":0.04089,"plan":0.07155,"dusaf":3,"dtm":2020},"geometry":{"type":"Point","coordinates":[9.865688877706447,46.290103224623536]}},{"type":"Feature","id":315,"properties":{"fid":315,"Hazard":1,"Train_Test":"Training","aspect":198.43495,"roads":500,"rivers":250,"ndvi":0.66228,"faults":250,"profile":0.01734,"plan":0.06325,"dusaf":3,"dtm":1798},"geometry":{"type":"Point","coordinates":[9.810428076483326,46.321901269986256]}},{"type":"Feature","id":316,"properties":{"fid":316,"Hazard":1,"Train_Test":"Training","aspect":270,"roads":9999,"rivers":9999,"ndvi":0.679,"faults":500,"profile":0,"plan":0,"dusaf":3,"dtm":1973},"geometry":{"type":"Point","coordinates":[9.863495374586389,46.30646910266844]}},{"type":"Feature","id":317,"properties":{"fid":317,"Hazard":1,"Train_Test":"Training","aspect":146.30994,"roads":9999,"rivers":9999,"ndvi":0.79121,"faults":50,"profile":-0.01153,"plan":-0.01707,"dusaf":3,"dtm":1824},"geometry":{"type":"Point","coordinates":[9.839958477144695,46.3127048614762]}},{"type":"Feature","id":318,"properties":{"fid":318,"Hazard":1,"Train_Test":"Training","aspect":270,"roads":9999,"rivers":9999,"ndvi":0.10763,"faults":100,"profile":0,"plan":0,"dusaf":3,"dtm":2160},"geometry":{"type":"Point","coordinates":[9.88262946772685,46.29262382082785]}},{"type":"Feature","id":319,"properties":{"fid":319,"Hazard":1,"Train_Test":"Training","aspect":225,"roads":9999,"rivers":9999,"ndvi":-0.05903,"faults":250,"profile":0,"plan":0,"dusaf":3,"dtm":2743},"geometry":{"type":"Point","coordinates":[9.872944586877251,46.31653595450638]}},{"type":"Feature","id":320,"properties":{"fid":320,"Hazard":1,"Train_Test":"Training","aspect":180,"roads":9999,"rivers":9999,"ndvi":0.40048,"faults":9999,"profile":0,"plan":0,"dusaf":3,"dtm":2310},"geometry":{"type":"Point","coordinates":[9.833310550383606,46.328522176074955]}},{"type":"Feature","id":321,"properties":{"fid":321,"Hazard":1,"Train_Test":"Training","aspect":251.56505,"roads":9999,"rivers":9999,"ndvi":0.51602,"faults":9999,"profile":0.01213,"plan":0.08222,"dusaf":3,"dtm":1779},"geometry":{"type":"Point","coordinates":[9.85639605070958,46.30434761563486]}},{"type":"Feature","id":322,"properties":{"fid":322,"Hazard":1,"Train_Test":"Training","aspect":225,"roads":9999,"rivers":9999,"ndvi":-0.02162,"faults":500,"profile":0,"plan":0,"dusaf":3,"dtm":2395},"geometry":{"type":"Point","coordinates":[9.853050284384786,46.32477856916305]}},{"type":"Feature","id":323,"properties":{"fid":323,"Hazard":1,"Train_Test":"Training","aspect":206.56505,"roads":9999,"rivers":250,"ndvi":0.69258,"faults":100,"profile":0.01115,"plan":0.03578,"dusaf":3,"dtm":2071},"geometry":{"type":"Point","coordinates":[9.806743613868717,46.32883925513233]}},{"type":"Feature","id":324,"properties":{"fid":324,"Hazard":1,"Train_Test":"Training","roads":500,"rivers":9999,"ndvi":0.7069,"faults":9999,"profile":0,"plan":0,"dusaf":2,"dtm":1580},"geometry":{"type":"Point","coordinates":[9.838127103020938,46.30502473480711]}},{"type":"Feature","id":325,"properties":{"fid":325,"Hazard":1,"Train_Test":"Training","aspect":206.56505,"roads":9999,"rivers":9999,"ndvi":0.47498,"faults":9999,"profile":0.01115,"plan":0.03578,"dusaf":3,"dtm":2024},"geometry":{"type":"Point","coordinates":[9.874247741216765,46.30404299258745]}},{"type":"Feature","id":326,"properties":{"fid":326,"Hazard":1,"Train_Test":"Training","aspect":236.30994,"roads":500,"rivers":9999,"ndvi":0.7693,"faults":9999,"profile":0.00384,"plan":0.04267,"dusaf":3,"dtm":1614},"geometry":{"type":"Point","coordinates":[9.842189761465232,46.30579626729366]}},{"type":"Feature","id":327,"properties":{"fid":327,"Hazard":1,"Train_Test":"Training","aspect":303.69006,"roads":250,"rivers":9999,"ndvi":0.67328,"faults":9999,"profile":-0.01921,"plan":0.00853,"dusaf":3,"dtm":1783},"geometry":{"type":"Point","coordinates":[9.854511027642394,46.301563081851505]}},{"type":"Feature","id":328,"properties":{"fid":328,"Hazard":1,"Train_Test":"Training","aspect":315,"roads":250,"rivers":9999,"ndvi":0.65193,"faults":250,"profile":0,"plan":0,"dusaf":2,"dtm":1566},"geometry":{"type":"Point","coordinates":[9.843313541088866,46.29955616357086]}},{"type":"Feature","id":329,"properties":{"fid":329,"Hazard":1,"Train_Test":"Training","aspect":161.56505,"roads":500,"rivers":9999,"ndvi":0.47696,"faults":9999,"profile":0.01907,"plan":-0.06957,"dusaf":2,"dtm":1329},"geometry":{"type":"Point","coordinates":[9.844919100868303,46.27532801664025]}},{"type":"Feature","id":330,"properties":{"fid":330,"Hazard":1,"Train_Test":"Training","aspect":270,"roads":9999,"rivers":9999,"ndvi":0.52005,"faults":500,"profile":0,"plan":0,"dusaf":3,"dtm":1677},"geometry":{"type":"Point","coordinates":[9.844978093239895,46.308652152777825]}},{"type":"Feature","id":331,"properties":{"fid":331,"Hazard":1,"Train_Test":"Training","aspect":26.56505,"roads":9999,"rivers":500,"ndvi":-0.06858,"faults":250,"profile":-0.00372,"plan":-0.07155,"dusaf":3,"dtm":2765},"geometry":{"type":"Point","coordinates":[9.85388263034832,46.33376800330887]}},{"type":"Feature","id":332,"properties":{"fid":332,"Hazard":1,"Train_Test":"Training","aspect":360,"roads":9999,"rivers":9999,"ndvi":0.40203,"faults":250,"profile":-0.0197,"plan":0,"dusaf":2,"dtm":2008},"geometry":{"type":"Point","coordinates":[9.865784011415892,46.29057779967663]}},{"type":"Feature","id":333,"properties":{"fid":333,"Hazard":1,"Train_Test":"Training","aspect":180,"roads":9999,"rivers":250,"ndvi":0.63726,"faults":9999,"profile":0.01757,"plan":0,"dusaf":3,"dtm":1656},"geometry":{"type":"Point","coordinates":[9.774464574608817,46.31434784435908]}},{"type":"Feature","id":334,"properties":{"fid":334,"Hazard":1,"Train_Test":"Training","aspect":315,"roads":9999,"rivers":9999,"ndvi":0.28882,"faults":9999,"profile":0,"plan":0,"dusaf":3,"dtm":1975},"geometry":{"type":"Point","coordinates":[9.87728988998439,46.29859427641872]}},{"type":"Feature","id":335,"properties":{"fid":335,"Hazard":1,"Train_Test":"Training","aspect":198.43495,"roads":9999,"rivers":9999,"ndvi":0.75133,"faults":500,"profile":-0.01734,"plan":-0.06325,"dusaf":3,"dtm":1855},"geometry":{"type":"Point","coordinates":[9.819303431716742,46.32001409373105]}},{"type":"Feature","id":336,"properties":{"fid":336,"Hazard":1,"Train_Test":"Training","aspect":270,"roads":9999,"rivers":9999,"ndvi":0.29169,"faults":250,"profile":-0.0197,"plan":0,"dusaf":2,"dtm":2012},"geometry":{"type":"Point","coordinates":[9.866400137867249,46.291502767026955]}},{"type":"Feature","id":337,"properties":{"fid":337,"Hazard":1,"Train_Test":"Training","aspect":90,"roads":500,"rivers":9999,"ndvi":0.60523,"faults":9999,"profile":0,"plan":0,"dusaf":3,"dtm":1335},"geometry":{"type":"Point","coordinates":[9.840924995119313,46.274199715022796]}},{"type":"Feature","id":338,"properties":{"fid":338,"Hazard":1,"Train_Test":"Training","aspect":26.56505,"roads":500,"rivers":250,"ndvi":0.77156,"faults":500,"profile":-0.00372,"plan":-0.07155,"dusaf":3,"dtm":1558},"geometry":{"type":"Point","coordinates":[9.804934403520821,46.3157439117376]}},{"type":"Feature","id":339,"properties":{"fid":339,"Hazard":1,"Train_Test":"Training","aspect":180,"roads":9999,"rivers":9999,"ndvi":0.15854,"faults":250,"profile":0.0197,"plan":0,"dusaf":3,"dtm":2303},"geometry":{"type":"Point","coordinates":[9.812506908930953,46.334179482432916]}},{"type":"Feature","id":340,"properties":{"fid":340,"Hazard":1,"Train_Test":"Training","aspect":180,"roads":9999,"rivers":500,"ndvi":0.63948,"faults":9999,"profile":0.0197,"plan":0,"dusaf":3,"dtm":1903},"geometry":{"type":"Point","coordinates":[9.833658252906213,46.321640745537344]}},{"type":"Feature","id":341,"properties":{"fid":341,"Hazard":1,"Train_Test":"Training","aspect":63.43495,"roads":50,"rivers":250,"ndvi":0.52462,"faults":9999,"profile":-0.03346,"plan":-0.10733,"dusaf":11,"dtm":970},"geometry":{"type":"Point","coordinates":[9.850992771699516,46.26978721566904]}},{"type":"Feature","id":342,"properties":{"fid":342,"Hazard":1,"Train_Test":"Training","aspect":180,"roads":9999,"rivers":9999,"ndvi":0.11932,"faults":250,"profile":0.0197,"plan":0,"dusaf":3,"dtm":2285},"geometry":{"type":"Point","coordinates":[9.8075437504776,46.33581494404846]}},{"type":"Feature","id":343,"properties":{"fid":343,"Hazard":1,"Train_Test":"Training","aspect":341.56506,"roads":500,"rivers":9999,"ndvi":0.70576,"faults":9999,"profile":0.01734,"plan":0.06325,"dusaf":3,"dtm":1774},"geometry":{"type":"Point","coordinates":[9.854744294426096,46.30239357674251]}},{"type":"Feature","id":344,"properties":{"fid":344,"Hazard":1,"Train_Test":"Training","aspect":296.56506,"roads":9999,"rivers":9999,"ndvi":0.38712,"faults":500,"profile":-0.00372,"plan":-0.07155,"dusaf":3,"dtm":2050},"geometry":{"type":"Point","coordinates":[9.876758060772767,46.29616415731903]}},{"type":"Feature","id":345,"properties":{"fid":345,"Hazard":1,"Train_Test":"Training","aspect":225,"roads":500,"rivers":9999,"ndvi":0.72948,"faults":9999,"profile":0.01941,"plan":0.14142,"dusaf":2,"dtm":1592},"geometry":{"type":"Point","coordinates":[9.839224217734575,46.30590547231106]}},{"type":"Feature","id":346,"properties":{"fid":346,"Hazard":1,"Train_Test":"Training","aspect":161.56505,"roads":9999,"rivers":9999,"ndvi":0.73055,"faults":250,"profile":-0.01213,"plan":-0.08222,"dusaf":3,"dtm":2143},"geometry":{"type":"Point","coordinates":[9.823825421862646,46.326124040758316]}},{"type":"Feature","id":347,"properties":{"fid":347,"Hazard":1,"Train_Test":"Training","aspect":270,"roads":500,"rivers":9999,"ndvi":0.68259,"faults":9999,"profile":-0.01757,"plan":-0.13333,"dusaf":2,"dtm":1611},"geometry":{"type":"Point","coordinates":[9.84440026260355,46.30378698545287]}},{"type":"Feature","id":348,"properties":{"fid":348,"Hazard":1,"Train_Test":"Training","aspect":108.43495,"roads":50,"rivers":500,"ndvi":0.12574,"faults":9999,"profile":-0.01734,"plan":-0.06325,"dusaf":11,"dtm":996},"geometry":{"type":"Point","coordinates":[9.85004595990491,46.26816914376504]}},{"type":"Feature","id":349,"properties":{"fid":349,"Hazard":1,"Train_Test":"Training","aspect":296.56506,"roads":9999,"rivers":9999,"ndvi":0.65966,"faults":9999,"profile":-0.00372,"plan":-0.07155,"dusaf":3,"dtm":1939},"geometry":{"type":"Point","coordinates":[9.873819518993233,46.298795188661295]}},{"type":"Feature","id":350,"properties":{"fid":350,"Hazard":1,"Train_Test":"Training","aspect":270,"roads":9999,"rivers":9999,"ndvi":0.61408,"faults":250,"profile":0.0197,"plan":0,"dusaf":3,"dtm":1980},"geometry":{"type":"Point","coordinates":[9.864731379997677,46.2928272075822]}},{"type":"Feature","id":351,"properties":{"fid":351,"Hazard":2,"Train_Test":"Training","aspect":288.43494,"roads":50,"rivers":250,"ndvi":0.64182,"faults":500,"profile":0,"plan":0,"dusaf":3,"dtm":1432},"geometry":{"type":"Point","coordinates":[9.832232518224478,46.30540565931036]}},{"type":"Feature","id":352,"properties":{"fid":352,"Hazard":2,"Train_Test":"Training","aspect":43.78112,"roads":250,"rivers":250,"ndvi":0.46992,"faults":9999,"profile":0.00165,"plan":0.11766,"dusaf":3,"dtm":1253},"geometry":{"type":"Point","coordinates":[9.843393284727108,46.28133175842417]}},{"type":"Feature","id":353,"properties":{"fid":353,"Hazard":2,"Train_Test":"Training","aspect":114.44395,"roads":9999,"rivers":9999,"ndvi":0.21356,"faults":250,"profile":0.00163,"plan":-0.03832,"dusaf":3,"dtm":2162},"geometry":{"type":"Point","coordinates":[9.825167372240244,46.28113714127811]}},{"type":"Feature","id":354,"properties":{"fid":354,"Hazard":2,"Train_Test":"Testing","aspect":18.43495,"roads":9999,"rivers":9999,"ndvi":0.4274,"faults":500,"profile":0,"plan":0,"dusaf":3,"dtm":1914},"geometry":{"type":"Point","coordinates":[9.814976388931324,46.30295373186303]}},{"type":"Feature","id":355,"properties":{"fid":355,"Hazard":2,"Train_Test":"Training","aspect":270,"roads":9999,"rivers":500,"ndvi":0.36798,"faults":9999,"profile":0,"plan":0,"dusaf":3,"dtm":2100},"geometry":{"type":"Point","coordinates":[9.845020852423369,46.32193284869316]}},{"type":"Feature","id":356,"properties":{"fid":356,"Hazard":2,"Train_Test":"Training","aspect":165.96376,"roads":9999,"rivers":500,"ndvi":0.20914,"faults":500,"profile":-0.10505,"plan":0.07989,"dusaf":3,"dtm":2560},"geometry":{"type":"Point","coordinates":[9.83858892212132,46.334544500254324]}},{"type":"Feature","id":357,"properties":{"fid":357,"Hazard":2,"Train_Test":"Training","aspect":150.25511,"roads":9999,"rivers":500,"ndvi":0.70866,"faults":500,"profile":0.02395,"plan":0.01145,"dusaf":3,"dtm":1641},"geometry":{"type":"Point","coordinates":[9.832938974720077,46.288760074966675]}},{"type":"Feature","id":358,"properties":{"fid":358,"Hazard":2,"Train_Test":"Training","aspect":153.43495,"roads":500,"rivers":9999,"ndvi":0.71067,"faults":9999,"profile":-0.00609,"plan":0.01789,"dusaf":3,"dtm":1370},"geometry":{"type":"Point","coordinates":[9.864132521893655,46.279976346289544]}},{"type":"Feature","id":359,"properties":{"fid":359,"Hazard":2,"Train_Test":"Training","aspect":149.03624,"roads":500,"rivers":250,"ndvi":0.60258,"faults":250,"profile":-0.00721,"plan":-0.04943,"dusaf":3,"dtm":1818},"geometry":{"type":"Point","coordinates":[9.80377412730509,46.323122007594485]}},{"type":"Feature","id":360,"properties":{"fid":360,"Hazard":2,"Train_Test":"Training","aspect":261.8699,"roads":9999,"rivers":250,"ndvi":0.6996,"faults":500,"profile":0.01089,"plan":0.02828,"dusaf":3,"dtm":1890},"geometry":{"type":"Point","coordinates":[9.838748490149026,46.31763750178642]}},{"type":"Feature","id":361,"properties":{"fid":361,"Hazard":2,"Train_Test":"Training","aspect":277.12503,"roads":9999,"rivers":100,"ndvi":0.75561,"faults":500,"profile":0.00015,"plan":0.02443,"dusaf":3,"dtm":1845},"geometry":{"type":"Point","coordinates":[9.836925302024481,46.318152893370915]}},{"type":"Feature","id":362,"properties":{"fid":362,"Hazard":2,"Train_Test":"Training","aspect":243.43495,"roads":9999,"rivers":500,"ndvi":0.70215,"faults":9999,"profile":0,"plan":0,"dusaf":3,"dtm":2054},"geometry":{"type":"Point","coordinates":[9.843022037856791,46.32017905996333]}},{"type":"Feature","id":363,"properties":{"fid":363,"Hazard":2,"Train_Test":"Training","aspect":251.56505,"roads":9999,"rivers":9999,"ndvi":-0.01142,"faults":250,"profile":-0.00362,"plan":0.00949,"dusaf":3,"dtm":2552},"geometry":{"type":"Point","coordinates":[9.858657462901585,46.32456378369719]}},{"type":"Feature","id":364,"properties":{"fid":364,"Hazard":2,"Train_Test":"Training","aspect":90,"roads":9999,"rivers":9999,"ndvi":0.49097,"faults":500,"profile":0,"plan":0,"dusaf":2,"dtm":1732},"geometry":{"type":"Point","coordinates":[9.831028866724775,46.28865710923227]}},{"type":"Feature","id":365,"properties":{"fid":365,"Hazard":2,"Train_Test":"Training","aspect":90,"roads":100,"rivers":250,"ndvi":0.71347,"faults":500,"profile":0.01757,"plan":0,"dusaf":3,"dtm":1622},"geometry":{"type":"Point","coordinates":[9.79559107922794,46.31808644850193]}},{"type":"Feature","id":366,"properties":{"fid":366,"Hazard":2,"Train_Test":"Training","aspect":90,"roads":100,"rivers":250,"ndvi":0.71347,"faults":500,"profile":0.01757,"plan":0,"dusaf":3,"dtm":1622},"geometry":{"type":"Point","coordinates":[9.79559107922794,46.31808644850193]}},{"type":"Feature","id":367,"properties":{"fid":367,"Hazard":2,"Train_Test":"Training","aspect":180,"roads":100,"rivers":250,"ndvi":0.67475,"faults":9999,"profile":0,"plan":0,"dusaf":2,"dtm":1469},"geometry":{"type":"Point","coordinates":[9.827582139564603,46.309738638302555]}},{"type":"Feature","id":368,"properties":{"fid":368,"Hazard":2,"Train_Test":"Training","aspect":74.0546,"roads":9999,"rivers":9999,"ndvi":0.0647,"faults":250,"profile":0.00977,"plan":0.00207,"dusaf":3,"dtm":2275},"geometry":{"type":"Point","coordinates":[9.80950187942867,46.302019244259256]}},{"type":"Feature","id":369,"properties":{"fid":369,"Hazard":2,"Train_Test":"Training","aspect":213.69006,"roads":500,"rivers":9999,"ndvi":0.49224,"faults":500,"profile":0.01153,"plan":0.01707,"dusaf":2,"dtm":1770},"geometry":{"type":"Point","coordinates":[9.816237122745399,46.31926775785067]}},{"type":"Feature","id":370,"properties":{"fid":370,"Hazard":2,"Train_Test":"Training","aspect":71.56505,"roads":9999,"rivers":500,"ndvi":0.69695,"faults":250,"profile":-0.02254,"plan":-0.04427,"dusaf":3,"dtm":1679},"geometry":{"type":"Point","coordinates":[9.819646119757113,46.304933121016184]}},{"type":"Feature","id":371,"properties":{"fid":371,"Hazard":2,"Train_Test":"Training","aspect":213.69006,"roads":9999,"rivers":500,"ndvi":0.73801,"faults":9999,"profile":0.01153,"plan":0.01707,"dusaf":3,"dtm":1749},"geometry":{"type":"Point","coordinates":[9.824438026337114,46.3162437460331]}},{"type":"Feature","id":372,"properties":{"fid":372,"Hazard":2,"Train_Test":"Training","aspect":165.96376,"roads":9999,"rivers":9999,"ndvi":0.05792,"faults":9999,"profile":0.00837,"plan":0.02283,"dusaf":3,"dtm":2403},"geometry":{"type":"Point","coordinates":[9.772535313117148,46.32588503643279]}},{"type":"Feature","id":373,"properties":{"fid":373,"Hazard":2,"Train_Test":"Training","aspect":180,"roads":500,"rivers":9999,"ndvi":0.73257,"faults":9999,"profile":-0.011,"plan":0,"dusaf":3,"dtm":1928},"geometry":{"type":"Point","coordinates":[9.797681162148006,46.322337731232935]}},{"type":"Feature","id":374,"properties":{"fid":374,"Hazard":2,"Train_Test":"Training","aspect":315,"roads":9999,"rivers":9999,"ndvi":0.15996,"faults":500,"profile":-0.00971,"plan":-0.21213,"dusaf":3,"dtm":2199},"geometry":{"type":"Point","coordinates":[9.848887642356154,46.31873444972513]}},{"type":"Feature","id":375,"properties":{"fid":375,"Hazard":2,"Train_Test":"Training","aspect":123.69007,"roads":100,"rivers":100,"ndvi":0.56046,"faults":500,"profile":-0.02433,"plan":0.13654,"dusaf":3,"dtm":1586},"geometry":{"type":"Point","coordinates":[9.796082283129227,46.316891163128986]}},{"type":"Feature","id":376,"properties":{"fid":376,"Hazard":2,"Train_Test":"Training","aspect":53.1301,"roads":9999,"rivers":500,"ndvi":0.30612,"faults":50,"profile":0.02319,"plan":-0.1456,"dusaf":3,"dtm":1697},"geometry":{"type":"Point","coordinates":[9.807920255780951,46.310397103407354]}},{"type":"Feature","id":377,"properties":{"fid":377,"Hazard":2,"Train_Test":"Training","aspect":203.19859,"roads":9999,"rivers":9999,"ndvi":0.08053,"faults":500,"profile":-0.01007,"plan":-0.02626,"dusaf":3,"dtm":2734},"geometry":{"type":"Point","coordinates":[9.823635785113849,46.34298535860909]}},{"type":"Feature","id":378,"properties":{"fid":378,"Hazard":2,"Train_Test":"Training","aspect":180,"roads":9999,"rivers":9999,"ndvi":0.08934,"faults":9999,"profile":-0.01431,"plan":0,"dusaf":3,"dtm":2360},"geometry":{"type":"Point","coordinates":[9.772398035709235,46.32532055553465]}},{"type":"Feature","id":379,"properties":{"fid":379,"Hazard":2,"Train_Test":"Training","aspect":264.2894,"roads":9999,"rivers":9999,"ndvi":-0.04172,"faults":250,"profile":0.00007,"plan":0.0197,"dusaf":3,"dtm":2744},"geometry":{"type":"Point","coordinates":[9.829528878291242,46.33774529603313]}},{"type":"Feature","id":380,"properties":{"fid":380,"Hazard":2,"Train_Test":"Training","aspect":123.69007,"roads":9999,"rivers":9999,"ndvi":0.57683,"faults":250,"profile":-0.00821,"plan":-0.20055,"dusaf":3,"dtm":1644},"geometry":{"type":"Point","coordinates":[9.832283331683877,46.27288675836808]}},{"type":"Feature","id":381,"properties":{"fid":381,"Hazard":2,"Train_Test":"Training","aspect":53.1301,"roads":9999,"rivers":9999,"ndvi":0.29492,"faults":500,"profile":-0.00515,"plan":-0.0256,"dusaf":3,"dtm":2006},"geometry":{"type":"Point","coordinates":[9.816767953127137,46.29492500292132]}},{"type":"Feature","id":382,"properties":{"fid":382,"Hazard":2,"Train_Test":"Training","aspect":30.96376,"roads":500,"rivers":500,"ndvi":0.54971,"faults":9999,"profile":0.01289,"plan":0.0343,"dusaf":3,"dtm":1347},"geometry":{"type":"Point","coordinates":[9.84063012846966,46.28169951976797]}},{"type":"Feature","id":383,"properties":{"fid":383,"Hazard":2,"Train_Test":"Training","aspect":195.25511,"roads":9999,"rivers":9999,"ndvi":0.63141,"faults":500,"profile":-0.00825,"plan":-0.03184,"dusaf":3,"dtm":2181},"geometry":{"type":"Point","coordinates":[9.861311893707581,46.3097731794043]}},{"type":"Feature","id":384,"properties":{"fid":384,"Hazard":2,"Train_Test":"Training","aspect":174.28941,"roads":250,"rivers":500,"ndvi":0.845,"faults":9999,"profile":0.01313,"plan":-0.01734,"dusaf":3,"dtm":1708},"geometry":{"type":"Point","coordinates":[9.798834169225273,46.319473518904246]}},{"type":"Feature","id":385,"properties":{"fid":385,"Hazard":2,"Train_Test":"Training","aspect":26.56505,"roads":9999,"rivers":9999,"ndvi":0.6117,"faults":250,"profile":-0.00609,"plan":0.01789,"dusaf":3,"dtm":1807},"geometry":{"type":"Point","coordinates":[9.811107661099484,46.306809517609736]}},{"type":"Feature","id":386,"properties":{"fid":386,"Hazard":2,"Train_Test":"Training","aspect":26.56505,"roads":9999,"rivers":9999,"ndvi":0.6117,"faults":250,"profile":-0.00609,"plan":0.01789,"dusaf":3,"dtm":1807},"geometry":{"type":"Point","coordinates":[9.811107661099484,46.306809517609736]}},{"type":"Feature","id":387,"properties":{"fid":387,"Hazard":2,"Train_Test":"Training","aspect":153.43495,"roads":9999,"rivers":500,"ndvi":0.08754,"faults":9999,"profile":0.00341,"plan":0.01789,"dusaf":3,"dtm":2967},"geometry":{"type":"Point","coordinates":[9.846486262739703,46.33960172748483]}},{"type":"Feature","id":388,"properties":{"fid":388,"Hazard":2,"Train_Test":"Training","aspect":306.8699,"roads":500,"rivers":9999,"ndvi":0.62068,"faults":9999,"profile":-0.01789,"plan":0.0032,"dusaf":3,"dtm":1442},"geometry":{"type":"Point","coordinates":[9.866003284978664,46.27893387763711]}},{"type":"Feature","id":389,"properties":{"fid":389,"Hazard":2,"Train_Test":"Training","aspect":306.8699,"roads":500,"rivers":9999,"ndvi":0.62068,"faults":9999,"profile":-0.01789,"plan":0.0032,"dusaf":3,"dtm":1442},"geometry":{"type":"Point","coordinates":[9.866003284978664,46.27893387763711]}},{"type":"Feature","id":390,"properties":{"fid":390,"Hazard":2,"Train_Test":"Training","aspect":38.65981,"roads":9999,"rivers":9999,"ndvi":0.47637,"faults":500,"profile":-0.00728,"plan":-0.01219,"dusaf":3,"dtm":1782},"geometry":{"type":"Point","coordinates":[9.83081151149151,46.285561870002134]}},{"type":"Feature","id":391,"properties":{"fid":391,"Hazard":2,"Train_Test":"Training","aspect":45,"roads":500,"rivers":9999,"ndvi":0.68502,"faults":500,"profile":0,"plan":0.07071,"dusaf":3,"dtm":1458},"geometry":{"type":"Point","coordinates":[9.83649788850246,46.2711050631753]}},{"type":"Feature","id":392,"properties":{"fid":392,"Hazard":2,"Train_Test":"Training","aspect":270,"roads":250,"rivers":250,"ndvi":0.6769,"faults":9999,"profile":0.01757,"plan":0,"dusaf":3,"dtm":1071},"geometry":{"type":"Point","coordinates":[9.856839155690738,46.275657695359286]}},{"type":"Feature","id":393,"properties":{"fid":393,"Hazard":2,"Train_Test":"Training","aspect":270,"roads":250,"rivers":250,"ndvi":0.6769,"faults":9999,"profile":0.01757,"plan":0,"dusaf":3,"dtm":1071},"geometry":{"type":"Point","coordinates":[9.856839155690738,46.275657695359286]}},{"type":"Feature","id":394,"properties":{"fid":394,"Hazard":2,"Train_Test":"Training","aspect":31.42957,"roads":9999,"rivers":9999,"ndvi":0.12017,"faults":250,"profile":-0.00548,"plan":0.0046,"dusaf":3,"dtm":2089},"geometry":{"type":"Point","coordinates":[9.813021621485918,46.30191720128208]}},{"type":"Feature","id":395,"properties":{"fid":395,"Hazard":2,"Train_Test":"Training","aspect":270,"roads":500,"rivers":9999,"ndvi":0.47612,"faults":9999,"profile":0,"plan":0.03333,"dusaf":3,"dtm":1490},"geometry":{"type":"Point","coordinates":[9.866670485457016,46.28117992227889]}},{"type":"Feature","id":396,"properties":{"fid":396,"Hazard":2,"Train_Test":"Training","aspect":277.12503,"roads":9999,"rivers":9999,"ndvi":0.73274,"faults":9999,"profile":-0.00015,"plan":-0.02443,"dusaf":3,"dtm":1285},"geometry":{"type":"Point","coordinates":[9.862827563285988,46.27864921550147]}},{"type":"Feature","id":397,"properties":{"fid":397,"Hazard":2,"Train_Test":"Training","aspect":277.12503,"roads":9999,"rivers":9999,"ndvi":0.73274,"faults":9999,"profile":-0.00015,"plan":-0.02443,"dusaf":3,"dtm":1285},"geometry":{"type":"Point","coordinates":[9.862827563285988,46.27864921550147]}},{"type":"Feature","id":398,"properties":{"fid":398,"Hazard":2,"Train_Test":"Training","aspect":173.65981,"roads":9999,"rivers":9999,"ndvi":0.62811,"faults":500,"profile":-0.00815,"plan":-0.02209,"dusaf":3,"dtm":2007},"geometry":{"type":"Point","coordinates":[9.860427185876466,46.308020815452345]}},{"type":"Feature","id":399,"properties":{"fid":399,"Hazard":2,"Train_Test":"Training","aspect":26.56505,"roads":9999,"rivers":9999,"ndvi":0.25582,"faults":500,"profile":0.00229,"plan":0.02385,"dusaf":3,"dtm":1895},"geometry":{"type":"Point","coordinates":[9.810776797381111,46.30508336002706]}},{"type":"Feature","id":400,"properties":{"fid":400,"Hazard":2,"Train_Test":"Training","aspect":26.56505,"roads":9999,"rivers":9999,"ndvi":0.25582,"faults":500,"profile":0.00229,"plan":0.02385,"dusaf":3,"dtm":1895},"geometry":{"type":"Point","coordinates":[9.810776797381111,46.30508336002706]}},{"type":"Feature","id":401,"properties":{"fid":401,"Hazard":2,"Train_Test":"Training","aspect":225,"roads":50,"rivers":500,"ndvi":0.67851,"faults":9999,"profile":0,"plan":0,"dusaf":3,"dtm":1468},"geometry":{"type":"Point","coordinates":[9.829166045602674,46.30910230951364]}},{"type":"Feature","id":402,"properties":{"fid":402,"Hazard":2,"Train_Test":"Training","aspect":71.56505,"roads":9999,"rivers":9999,"ndvi":0.1049,"faults":500,"profile":0,"plan":0,"dusaf":3,"dtm":2192},"geometry":{"type":"Point","coordinates":[9.820724042863882,46.28761991625305]}},{"type":"Feature","id":403,"properties":{"fid":403,"Hazard":2,"Train_Test":"Training","aspect":172.87498,"roads":9999,"rivers":9999,"ndvi":-0.00574,"faults":9999,"profile":-0.00218,"plan":0.03053,"dusaf":3,"dtm":2833},"geometry":{"type":"Point","coordinates":[9.823531144039514,46.34436521506257]}},{"type":"Feature","id":404,"properties":{"fid":404,"Hazard":2,"Train_Test":"Training","aspect":360,"roads":9999,"rivers":9999,"ndvi":0.628,"faults":250,"profile":-0.01431,"plan":-0.08,"dusaf":3,"dtm":1769},"geometry":{"type":"Point","coordinates":[9.811376096626878,46.30754210790445]}},{"type":"Feature","id":405,"properties":{"fid":405,"Hazard":2,"Train_Test":"Training","aspect":360,"roads":9999,"rivers":9999,"ndvi":0.628,"faults":250,"profile":-0.01431,"plan":-0.08,"dusaf":3,"dtm":1769},"geometry":{"type":"Point","coordinates":[9.811376096626878,46.30754210790445]}},{"type":"Feature","id":406,"properties":{"fid":406,"Hazard":2,"Train_Test":"Training","aspect":231.34019,"roads":9999,"rivers":9999,"ndvi":0.50869,"faults":9999,"profile":0.06614,"plan":-0.01676,"dusaf":3,"dtm":1209},"geometry":{"type":"Point","coordinates":[9.860828681437088,46.277964447835814]}},{"type":"Feature","id":407,"properties":{"fid":407,"Hazard":2,"Train_Test":"Training","aspect":192.99461,"roads":250,"rivers":50,"ndvi":0.64003,"faults":100,"profile":0.00861,"plan":-0.0299,"dusaf":3,"dtm":1076},"geometry":{"type":"Point","coordinates":[9.850551245438282,46.280168252331556]}},{"type":"Feature","id":408,"properties":{"fid":408,"Hazard":2,"Train_Test":"Training","aspect":113.19859,"roads":9999,"rivers":9999,"ndvi":-0.0179,"faults":500,"profile":-0.05643,"plan":-0.16798,"dusaf":3,"dtm":2730},"geometry":{"type":"Point","coordinates":[9.779487218570837,46.33140171985378]}},{"type":"Feature","id":409,"properties":{"fid":409,"Hazard":2,"Train_Test":"Training","aspect":90,"roads":9999,"rivers":9999,"ndvi":0.07294,"faults":250,"profile":0,"plan":0,"dusaf":3,"dtm":2625},"geometry":{"type":"Point","coordinates":[9.835400654252222,46.33416890173206]}},{"type":"Feature","id":410,"properties":{"fid":410,"Hazard":2,"Train_Test":"Training","aspect":192.52881,"roads":9999,"rivers":9999,"ndvi":0.15029,"faults":9999,"profile":0.00832,"plan":0.04237,"dusaf":3,"dtm":2342},"geometry":{"type":"Point","coordinates":[9.772628878441488,46.32497098169756]}},{"type":"Feature","id":411,"properties":{"fid":411,"Hazard":2,"Train_Test":"Training","aspect":180,"roads":9999,"rivers":9999,"ndvi":0.0013,"faults":500,"profile":-0.01431,"plan":0,"dusaf":3,"dtm":2652},"geometry":{"type":"Point","coordinates":[9.823421685573727,46.341616818767136]}},{"type":"Feature","id":412,"properties":{"fid":412,"Hazard":2,"Train_Test":"Training","aspect":270,"roads":100,"rivers":500,"ndvi":0.61348,"faults":9999,"profile":0.01757,"plan":0,"dusaf":2,"dtm":1487},"geometry":{"type":"Point","coordinates":[9.833882902896868,46.30652943722681]}},{"type":"Feature","id":413,"properties":{"fid":413,"Hazard":2,"Train_Test":"Training","aspect":219.80557,"roads":9999,"rivers":9999,"ndvi":0.04967,"faults":9999,"profile":-0.00401,"plan":-0.01511,"dusaf":3,"dtm":2822},"geometry":{"type":"Point","coordinates":[9.826078475949837,46.343542714420245]}},{"type":"Feature","id":414,"properties":{"fid":414,"Hazard":2,"Train_Test":"Training","aspect":219.80557,"roads":9999,"rivers":9999,"ndvi":0.36381,"faults":250,"profile":-0.00786,"plan":-0.10747,"dusaf":3,"dtm":2131},"geometry":{"type":"Point","coordinates":[9.85712505074485,46.31187609543485]}},{"type":"Feature","id":415,"properties":{"fid":415,"Hazard":2,"Train_Test":"Training","aspect":262.87497,"roads":9999,"rivers":9999,"ndvi":0.53389,"faults":250,"profile":0.00523,"plan":-0.07175,"dusaf":3,"dtm":1894},"geometry":{"type":"Point","coordinates":[9.844491904749054,46.31259281029133]}},{"type":"Feature","id":416,"properties":{"fid":416,"Hazard":2,"Train_Test":"Training","aspect":191.30994,"roads":9999,"rivers":9999,"ndvi":0.72386,"faults":9999,"profile":-0.01414,"plan":-0.03922,"dusaf":3,"dtm":1873},"geometry":{"type":"Point","coordinates":[9.772231805993028,46.31721444875269]}},{"type":"Feature","id":417,"properties":{"fid":417,"Hazard":2,"Train_Test":"Training","aspect":147.99461,"roads":9999,"rivers":500,"ndvi":0.82037,"faults":500,"profile":-0.00476,"plan":0.0343,"dusaf":3,"dtm":1754},"geometry":{"type":"Point","coordinates":[9.770118774266177,46.315151831406595]}},{"type":"Feature","id":418,"properties":{"fid":418,"Hazard":2,"Train_Test":"Training","aspect":149.03624,"roads":250,"rivers":500,"ndvi":0.80168,"faults":500,"profile":-0.02028,"plan":0.02875,"dusaf":3,"dtm":1706},"geometry":{"type":"Point","coordinates":[9.80117978895596,46.3201209236056]}},{"type":"Feature","id":419,"properties":{"fid":419,"Hazard":2,"Train_Test":"Training","aspect":26.56505,"roads":9999,"rivers":9999,"ndvi":0.66044,"faults":9999,"profile":-0.00229,"plan":-0.02385,"dusaf":3,"dtm":1865},"geometry":{"type":"Point","coordinates":[9.826401904580045,46.29640692765182]}},{"type":"Feature","id":420,"properties":{"fid":420,"Hazard":2,"Train_Test":"Training","aspect":225,"roads":500,"rivers":9999,"ndvi":0.69706,"faults":9999,"profile":0.00659,"plan":-0.01768,"dusaf":3,"dtm":1690},"geometry":{"type":"Point","coordinates":[9.853032568363849,46.30542832557743]}},{"type":"Feature","id":421,"properties":{"fid":421,"Hazard":2,"Train_Test":"Training","aspect":90,"roads":9999,"rivers":9999,"ndvi":0.07417,"faults":250,"profile":0,"plan":-0.06667,"dusaf":3,"dtm":2393},"geometry":{"type":"Point","coordinates":[9.796280337944387,46.33518280175669]}},{"type":"Feature","id":422,"properties":{"fid":422,"Hazard":2,"Train_Test":"Training","aspect":180,"roads":250,"rivers":50,"ndvi":0.56244,"faults":500,"profile":0.0197,"plan":0,"dusaf":3,"dtm":1440},"geometry":{"type":"Point","coordinates":[9.825435743659162,46.308691768357875]}},{"type":"Feature","id":423,"properties":{"fid":423,"Hazard":2,"Train_Test":"Training","aspect":229.39871,"roads":9999,"rivers":9999,"ndvi":0.10504,"faults":9999,"profile":-0.00477,"plan":-0.09545,"dusaf":3,"dtm":1603},"geometry":{"type":"Point","coordinates":[9.866902338108774,46.283272131582414]}},{"type":"Feature","id":424,"properties":{"fid":424,"Hazard":2,"Train_Test":"Training","aspect":270,"roads":9999,"rivers":500,"ndvi":-0.05273,"faults":250,"profile":0,"plan":0,"dusaf":3,"dtm":2623},"geometry":{"type":"Point","coordinates":[9.851250599984391,46.331887263483736]}},{"type":"Feature","id":425,"properties":{"fid":425,"Hazard":2,"Train_Test":"Training","aspect":63.43495,"roads":9999,"rivers":9999,"ndvi":-0.07566,"faults":250,"profile":0.01145,"plan":-0.05963,"dusaf":3,"dtm":2334},"geometry":{"type":"Point","coordinates":[9.803546016477986,46.30287911330074]}},{"type":"Feature","id":426,"properties":{"fid":426,"Hazard":2,"Train_Test":"Training","aspect":153.43495,"roads":9999,"rivers":500,"ndvi":0.60819,"faults":500,"profile":-0.01217,"plan":0.03578,"dusaf":2,"dtm":1649},"geometry":{"type":"Point","coordinates":[9.770582537956809,46.31301393002698]}},{"type":"Feature","id":427,"properties":{"fid":427,"Hazard":2,"Train_Test":"Training","aspect":180,"roads":50,"rivers":500,"ndvi":0.72841,"faults":9999,"profile":-0.01431,"plan":0,"dusaf":3,"dtm":1464},"geometry":{"type":"Point","coordinates":[9.830320659985068,46.30868972213943]}},{"type":"Feature","id":428,"properties":{"fid":428,"Hazard":2,"Train_Test":"Training","aspect":255.96376,"roads":9999,"rivers":9999,"ndvi":0.36046,"faults":250,"profile":0.00093,"plan":0.04565,"dusaf":3,"dtm":2256},"geometry":{"type":"Point","coordinates":[9.85118814397103,46.31902368564685]}},{"type":"Feature","id":429,"properties":{"fid":429,"Hazard":2,"Train_Test":"Training","aspect":73.30076,"roads":500,"rivers":250,"ndvi":0.6226,"faults":500,"profile":0.00055,"plan":0.01757,"dusaf":3,"dtm":1615},"geometry":{"type":"Point","coordinates":[9.830123311918836,46.29788112217805]}},{"type":"Feature","id":430,"properties":{"fid":430,"Hazard":2,"Train_Test":"Training","aspect":180,"roads":50,"rivers":250,"ndvi":0.7026,"faults":500,"profile":0,"plan":0,"dusaf":2,"dtm":1617},"geometry":{"type":"Point","coordinates":[9.792372487161009,46.31811970283753]}},{"type":"Feature","id":431,"properties":{"fid":431,"Hazard":2,"Train_Test":"Training","aspect":174.28941,"roads":9999,"rivers":500,"ndvi":0.50333,"faults":500,"profile":0.00215,"plan":0.01379,"dusaf":3,"dtm":2162},"geometry":{"type":"Point","coordinates":[9.804100211255335,46.33245955456991]}},{"type":"Feature","id":432,"properties":{"fid":432,"Hazard":2,"Train_Test":"Training","aspect":354.2894,"roads":9999,"rivers":9999,"ndvi":0.31326,"faults":50,"profile":0.01536,"plan":0.01616,"dusaf":3,"dtm":2163},"geometry":{"type":"Point","coordinates":[9.813694800988804,46.30079544347905]}},{"type":"Feature","id":433,"properties":{"fid":433,"Hazard":2,"Train_Test":"Training","aspect":135,"roads":9999,"rivers":500,"ndvi":0.23363,"faults":500,"profile":0.01089,"plan":0.02828,"dusaf":3,"dtm":2430},"geometry":{"type":"Point","coordinates":[9.83698419246649,46.33200206494892]}},{"type":"Feature","id":434,"properties":{"fid":434,"Hazard":2,"Train_Test":"Training","aspect":153.43495,"roads":9999,"rivers":9999,"ndvi":0.2211,"faults":500,"profile":0.02978,"plan":0.01193,"dusaf":3,"dtm":2460},"geometry":{"type":"Point","coordinates":[9.868104492974576,46.31211677286961]}},{"type":"Feature","id":435,"properties":{"fid":435,"Hazard":2,"Train_Test":"Training","aspect":228.01279,"roads":9999,"rivers":9999,"ndvi":0.07425,"faults":250,"profile":0.00659,"plan":0.02152,"dusaf":3,"dtm":2619},"geometry":{"type":"Point","coordinates":[9.859775549238135,46.32499852778106]}},{"type":"Feature","id":436,"properties":{"fid":436,"Hazard":2,"Train_Test":"Training","aspect":225,"roads":250,"rivers":500,"ndvi":0.66269,"faults":9999,"profile":0.00891,"plan":-0.03536,"dusaf":2,"dtm":1494},"geometry":{"type":"Point","coordinates":[9.83472566962824,46.305422645861746]}},{"type":"Feature","id":437,"properties":{"fid":437,"Hazard":2,"Train_Test":"Training","aspect":180,"roads":250,"rivers":250,"ndvi":0.51612,"faults":500,"profile":-0.0197,"plan":0,"dusaf":3,"dtm":1428},"geometry":{"type":"Point","coordinates":[9.826011819141609,46.30784594167591]}},{"type":"Feature","id":438,"properties":{"fid":438,"Hazard":2,"Train_Test":"Training","aspect":251.56505,"roads":9999,"rivers":250,"ndvi":0.68864,"faults":9999,"profile":-0.01213,"plan":-0.08222,"dusaf":3,"dtm":1958},"geometry":{"type":"Point","coordinates":[9.839327071291423,46.31996240368452]}},{"type":"Feature","id":439,"properties":{"fid":439,"Hazard":2,"Train_Test":"Training","aspect":153.43495,"roads":9999,"rivers":9999,"ndvi":0.3749,"faults":100,"profile":-0.01826,"plan":-0.03578,"dusaf":3,"dtm":2330},"geometry":{"type":"Point","coordinates":[9.80970804767802,46.338320487905555]}},{"type":"Feature","id":440,"properties":{"fid":440,"Hazard":2,"Train_Test":"Training","aspect":233.1301,"roads":9999,"rivers":250,"ndvi":0.66274,"faults":9999,"profile":0.00172,"plan":-0.0448,"dusaf":3,"dtm":1916},"geometry":{"type":"Point","coordinates":[9.839135348534212,46.318968213328546]}},{"type":"Feature","id":441,"properties":{"fid":441,"Hazard":2,"Train_Test":"Training","aspect":206.56505,"roads":250,"rivers":250,"ndvi":0.37989,"faults":500,"profile":-0.01115,"plan":-0.03578,"dusaf":11,"dtm":1047},"geometry":{"type":"Point","coordinates":[9.853570086850812,46.27747354088803]}},{"type":"Feature","id":442,"properties":{"fid":442,"Hazard":2,"Train_Test":"Training","aspect":201.80141,"roads":9999,"rivers":9999,"ndvi":0.08102,"faults":9999,"profile":-0.02024,"plan":-0.05635,"dusaf":3,"dtm":2750},"geometry":{"type":"Point","coordinates":[9.819081012741147,46.344131402921505]}},{"type":"Feature","id":443,"properties":{"fid":443,"Hazard":2,"Train_Test":"Training","aspect":231.34019,"roads":500,"rivers":9999,"ndvi":0.71092,"faults":9999,"profile":-0.02069,"plan":-0.22702,"dusaf":3,"dtm":1459},"geometry":{"type":"Point","coordinates":[9.866273356398636,46.27928524105194]}},{"type":"Feature","id":444,"properties":{"fid":444,"Hazard":2,"Train_Test":"Training","aspect":231.34019,"roads":500,"rivers":9999,"ndvi":0.71092,"faults":9999,"profile":-0.02069,"plan":-0.22702,"dusaf":3,"dtm":1459},"geometry":{"type":"Point","coordinates":[9.866273356398636,46.27928524105194]}},{"type":"Feature","id":445,"properties":{"fid":445,"Hazard":2,"Train_Test":"Training","aspect":279.46231,"roads":9999,"rivers":9999,"ndvi":0.15822,"faults":50,"profile":-0.00034,"plan":-0.03199,"dusaf":3,"dtm":2317},"geometry":{"type":"Point","coordinates":[9.861576027578586,46.31235418278109]}},{"type":"Feature","id":446,"properties":{"fid":446,"Hazard":2,"Train_Test":"Training","aspect":206.56505,"roads":50,"rivers":500,"ndvi":0.63195,"faults":9999,"profile":-0.00372,"plan":-0.07155,"dusaf":3,"dtm":1468},"geometry":{"type":"Point","coordinates":[9.829271188230972,46.309027140691896]}},{"type":"Feature","id":447,"properties":{"fid":447,"Hazard":2,"Train_Test":"Training","aspect":78.69007,"roads":9999,"rivers":9999,"ndvi":0.15016,"faults":500,"profile":0.01686,"plan":0.03168,"dusaf":3,"dtm":2238},"geometry":{"type":"Point","coordinates":[9.8199314115603,46.28650973445159]}},{"type":"Feature","id":448,"properties":{"fid":448,"Hazard":2,"Train_Test":"Training","aspect":169.69516,"roads":250,"rivers":500,"ndvi":0.66545,"faults":500,"profile":-0.00678,"plan":0.00258,"dusaf":3,"dtm":1783},"geometry":{"type":"Point","coordinates":[9.801042658668823,46.32069634552791]}},{"type":"Feature","id":449,"properties":{"fid":449,"Hazard":2,"Train_Test":"Training","aspect":288.43494,"roads":9999,"rivers":250,"ndvi":0.71164,"faults":9999,"profile":0.01734,"plan":0.06325,"dusaf":3,"dtm":2015},"geometry":{"type":"Point","coordinates":[9.840981652386256,46.32104868834156]}},{"type":"Feature","id":450,"properties":{"fid":450,"Hazard":2,"Train_Test":"Training","aspect":45,"roads":9999,"rivers":9999,"ndvi":-0.00517,"faults":50,"profile":0.00887,"plan":-0.02357,"dusaf":3,"dtm":2696},"geometry":{"type":"Point","coordinates":[9.834417823640589,46.33475038072381]}},{"type":"Feature","id":451,"properties":{"fid":451,"Hazard":2,"Train_Test":"Training","aspect":248.19859,"roads":9999,"rivers":9999,"ndvi":-0.0726,"faults":500,"profile":0.01177,"plan":0.00512,"dusaf":3,"dtm":2755},"geometry":{"type":"Point","coordinates":[9.825919480568391,46.34204461179628]}},{"type":"Feature","id":452,"properties":{"fid":452,"Hazard":2,"Train_Test":"Training","aspect":195.25511,"roads":9999,"rivers":9999,"ndvi":0.2502,"faults":500,"profile":0.00057,"plan":-0.00175,"dusaf":3,"dtm":2315},"geometry":{"type":"Point","coordinates":[9.865464789882353,46.310683220572145]}},{"type":"Feature","id":453,"properties":{"fid":453,"Hazard":2,"Train_Test":"Training","aspect":225,"roads":9999,"rivers":9999,"ndvi":0.02628,"faults":9999,"profile":0.02722,"plan":-0.01414,"dusaf":3,"dtm":2411},"geometry":{"type":"Point","coordinates":[9.771567969715296,46.326368697671406]}},{"type":"Feature","id":454,"properties":{"fid":454,"Hazard":2,"Train_Test":"Training","aspect":198.43495,"roads":9999,"rivers":9999,"ndvi":0.65685,"faults":9999,"profile":0,"plan":0,"dusaf":3,"dtm":1672},"geometry":{"type":"Point","coordinates":[9.865891956785983,46.28413103075753]}},{"type":"Feature","id":455,"properties":{"fid":455,"Hazard":2,"Train_Test":"Training","aspect":21.80141,"roads":9999,"rivers":9999,"ndvi":0.10372,"faults":50,"profile":0.00217,"plan":-0.0064,"dusaf":3,"dtm":2213},"geometry":{"type":"Point","coordinates":[9.813089333009637,46.300502705658]}},{"type":"Feature","id":456,"properties":{"fid":456,"Hazard":2,"Train_Test":"Training","aspect":194.03624,"roads":250,"rivers":250,"ndvi":0.77536,"faults":9999,"profile":0.00093,"plan":0.04565,"dusaf":3,"dtm":1507},"geometry":{"type":"Point","coordinates":[9.827743352397107,46.31082972697782]}},{"type":"Feature","id":457,"properties":{"fid":457,"Hazard":2,"Train_Test":"Training","aspect":42.27369,"roads":9999,"rivers":9999,"ndvi":0.23376,"faults":50,"profile":-0.04178,"plan":0.04054,"dusaf":3,"dtm":2247},"geometry":{"type":"Point","coordinates":[9.812123276712706,46.30065310405762]}},{"type":"Feature","id":458,"properties":{"fid":458,"Hazard":2,"Train_Test":"Training","aspect":260.53769,"roads":500,"rivers":9999,"ndvi":0.21244,"faults":9999,"profile":-0.01652,"plan":-0.0551,"dusaf":3,"dtm":1430},"geometry":{"type":"Point","coordinates":[9.865768514085616,46.28066410119103]}},{"type":"Feature","id":459,"properties":{"fid":459,"Hazard":2,"Train_Test":"Training","roads":9999,"rivers":9999,"ndvi":-0.03638,"faults":250,"profile":0,"plan":0,"dusaf":5,"dtm":1997},"geometry":{"type":"Point","coordinates":[9.818213100734422,46.29580583022405]}},{"type":"Feature","id":460,"properties":{"fid":460,"Hazard":2,"Train_Test":"Training","aspect":180,"roads":9999,"rivers":500,"ndvi":0.6095,"faults":500,"profile":0,"plan":0,"dusaf":2,"dtm":1719},"geometry":{"type":"Point","coordinates":[9.771210157017078,46.31483912244494]}},{"type":"Feature","id":461,"properties":{"fid":461,"Hazard":2,"Train_Test":"Training","aspect":257.47119,"roads":9999,"rivers":9999,"ndvi":0.02841,"faults":9999,"profile":-0.01262,"plan":0.01276,"dusaf":3,"dtm":3017},"geometry":{"type":"Point","coordinates":[9.829846605756684,46.34361377002419]}},{"type":"Feature","id":462,"properties":{"fid":462,"Hazard":2,"Train_Test":"Training","aspect":71.56505,"roads":9999,"rivers":9999,"ndvi":0.62309,"faults":500,"profile":0,"plan":0,"dusaf":3,"dtm":1884},"geometry":{"type":"Point","coordinates":[9.810669343098464,46.305421625580585]}},{"type":"Feature","id":463,"properties":{"fid":463,"Hazard":2,"Train_Test":"Training","aspect":71.56505,"roads":9999,"rivers":9999,"ndvi":0.62309,"faults":500,"profile":0,"plan":0,"dusaf":3,"dtm":1884},"geometry":{"type":"Point","coordinates":[9.810669343098464,46.305421625580585]}},{"type":"Feature","id":464,"properties":{"fid":464,"Hazard":2,"Train_Test":"Training","aspect":71.56505,"roads":9999,"rivers":9999,"ndvi":0.62309,"faults":500,"profile":0,"plan":0,"dusaf":3,"dtm":1884},"geometry":{"type":"Point","coordinates":[9.810669343098464,46.305421625580585]}},{"type":"Feature","id":465,"properties":{"fid":465,"Hazard":2,"Train_Test":"Training","aspect":251.56505,"roads":100,"rivers":100,"ndvi":0.63449,"faults":9999,"profile":-0.00362,"plan":0.00949,"dusaf":3,"dtm":1423},"geometry":{"type":"Point","coordinates":[9.834719975875771,46.29954038834839]}},{"type":"Feature","id":466,"properties":{"fid":466,"Hazard":2,"Train_Test":"Training","aspect":239.03624,"roads":9999,"rivers":250,"ndvi":0.74333,"faults":9999,"profile":0.01289,"plan":0.0343,"dusaf":3,"dtm":1684},"geometry":{"type":"Point","coordinates":[9.829321849061246,46.31360030326311]}},{"type":"Feature","id":467,"properties":{"fid":467,"Hazard":2,"Train_Test":"Training","aspect":75.96375,"roads":500,"rivers":500,"ndvi":0.54185,"faults":9999,"profile":-0.03068,"plan":-0.05136,"dusaf":3,"dtm":1370},"geometry":{"type":"Point","coordinates":[9.84046756963743,46.280722186855655]}},{"type":"Feature","id":468,"properties":{"fid":468,"Hazard":2,"Train_Test":"Training","aspect":251.56505,"roads":9999,"rivers":500,"ndvi":0.43628,"faults":9999,"profile":-0.01213,"plan":-0.08222,"dusaf":3,"dtm":2146},"geometry":{"type":"Point","coordinates":[9.845757457952933,46.32384478282956]}},{"type":"Feature","id":469,"properties":{"fid":469,"Hazard":2,"Train_Test":"Training","aspect":126.8699,"roads":9999,"rivers":500,"ndvi":0.76207,"faults":500,"profile":-0.01202,"plan":-0.0064,"dusaf":3,"dtm":1746},"geometry":{"type":"Point","coordinates":[9.769793850500351,46.31470622312676]}},{"type":"Feature","id":470,"properties":{"fid":470,"Hazard":2,"Train_Test":"Training","aspect":233.1301,"roads":9999,"rivers":9999,"ndvi":0.12619,"faults":250,"profile":0.01358,"plan":-0.0384,"dusaf":3,"dtm":2716},"geometry":{"type":"Point","coordinates":[9.828605668036214,46.33810227033997]}},{"type":"Feature","id":471,"properties":{"fid":471,"Hazard":2,"Train_Test":"Training","aspect":198.43495,"roads":100,"rivers":250,"ndvi":0.17017,"faults":9999,"profile":0.01213,"plan":0.08222,"dusaf":11,"dtm":1045},"geometry":{"type":"Point","coordinates":[9.854557168169276,46.27630719891345]}},{"type":"Feature","id":472,"properties":{"fid":472,"Hazard":2,"Train_Test":"Training","aspect":206.56505,"roads":250,"rivers":9999,"ndvi":0.83548,"faults":500,"profile":0,"plan":0,"dusaf":3,"dtm":1552},"geometry":{"type":"Point","coordinates":[9.846825804507732,46.29449820790928]}},{"type":"Feature","id":473,"properties":{"fid":473,"Hazard":2,"Train_Test":"Training","aspect":180,"roads":250,"rivers":9999,"ndvi":0.86779,"faults":500,"profile":0,"plan":0,"dusaf":3,"dtm":1550},"geometry":{"type":"Point","coordinates":[9.84629352803479,46.29459459278951]}},{"type":"Feature","id":474,"properties":{"fid":474,"Hazard":2,"Train_Test":"Training","aspect":189.46233,"roads":9999,"rivers":9999,"ndvi":0.70746,"faults":9999,"profile":-0.00034,"plan":-0.03199,"dusaf":3,"dtm":1634},"geometry":{"type":"Point","coordinates":[9.866113948660775,46.28362453010822]}},{"type":"Feature","id":475,"properties":{"fid":475,"Hazard":2,"Train_Test":"Training","aspect":206.56505,"roads":100,"rivers":100,"ndvi":0.499,"faults":500,"profile":-0.00229,"plan":-0.02385,"dusaf":2,"dtm":1383},"geometry":{"type":"Point","coordinates":[9.835491097392563,46.29703611182948]}},{"type":"Feature","id":476,"properties":{"fid":476,"Hazard":2,"Train_Test":"Training","aspect":220.60129,"roads":9999,"rivers":9999,"ndvi":0.06039,"faults":9999,"profile":0.00897,"plan":0.02016,"dusaf":3,"dtm":2972},"geometry":{"type":"Point","coordinates":[9.829386114370225,46.34335521426926]}},{"type":"Feature","id":477,"properties":{"fid":477,"Hazard":2,"Train_Test":"Training","aspect":203.19859,"roads":9999,"rivers":9999,"ndvi":0.55661,"faults":250,"profile":0.0033,"plan":-0.0086,"dusaf":3,"dtm":2273},"geometry":{"type":"Point","coordinates":[9.876249879798268,46.3083336443589]}},{"type":"Feature","id":478,"properties":{"fid":478,"Hazard":2,"Train_Test":"Training","aspect":198.43495,"roads":250,"rivers":500,"ndvi":0.76515,"faults":9999,"profile":0.02898,"plan":-0.01265,"dusaf":3,"dtm":1711},"geometry":{"type":"Point","coordinates":[9.798351511000334,46.31943555677386]}},{"type":"Feature","id":479,"properties":{"fid":479,"Hazard":2,"Train_Test":"Training","aspect":45,"roads":9999,"rivers":9999,"ndvi":0.54496,"faults":250,"profile":-0.02177,"plan":0,"dusaf":3,"dtm":1800},"geometry":{"type":"Point","coordinates":[9.820226633886934,46.3025322334196]}},{"type":"Feature","id":480,"properties":{"fid":480,"Hazard":2,"Train_Test":"Training","aspect":180,"roads":9999,"rivers":9999,"ndvi":0.34622,"faults":500,"profile":-0.00821,"plan":0,"dusaf":3,"dtm":2396},"geometry":{"type":"Point","coordinates":[9.825027490302254,46.33060626937291]}},{"type":"Feature","id":481,"properties":{"fid":481,"Hazard":2,"Train_Test":"Training","aspect":74.0546,"roads":9999,"rivers":9999,"ndvi":0.03252,"faults":500,"profile":0.00977,"plan":0.00207,"dusaf":3,"dtm":2223},"geometry":{"type":"Point","coordinates":[9.820086362147798,46.28678151466183]}},{"type":"Feature","id":482,"properties":{"fid":482,"Hazard":2,"Train_Test":"Training","aspect":191.30994,"roads":250,"rivers":9999,"ndvi":0.08682,"faults":9999,"profile":-0.01142,"plan":-0.04677,"dusaf":13,"dtm":1521},"geometry":{"type":"Point","coordinates":[9.8325913540976,46.308883887058045]}},{"type":"Feature","id":483,"properties":{"fid":483,"Hazard":2,"Train_Test":"Training","aspect":270,"roads":9999,"rivers":500,"ndvi":0.62723,"faults":9999,"profile":-0.01757,"plan":0,"dusaf":3,"dtm":2130},"geometry":{"type":"Point","coordinates":[9.84530104063698,46.323295313746364]}},{"type":"Feature","id":484,"properties":{"fid":484,"Hazard":2,"Train_Test":"Training","aspect":296.56506,"roads":500,"rivers":9999,"ndvi":0.54532,"faults":500,"profile":0.00609,"plan":-0.01789,"dusaf":3,"dtm":1652},"geometry":{"type":"Point","coordinates":[9.852249482100017,46.29032675294514]}},{"type":"Feature","id":485,"properties":{"fid":485,"Hazard":2,"Train_Test":"Training","aspect":18.43495,"roads":9999,"rivers":9999,"ndvi":0.10265,"faults":500,"profile":-0.02413,"plan":-0.00126,"dusaf":3,"dtm":2507},"geometry":{"type":"Point","coordinates":[9.782661032722713,46.32980725800434]}},{"type":"Feature","id":486,"properties":{"fid":486,"Hazard":2,"Train_Test":"Training","aspect":246.80141,"roads":9999,"rivers":500,"ndvi":0.00279,"faults":500,"profile":0.02101,"plan":-0.00226,"dusaf":3,"dtm":2748},"geometry":{"type":"Point","coordinates":[9.839595721366887,46.33741743434894]}},{"type":"Feature","id":487,"properties":{"fid":487,"Hazard":2,"Train_Test":"Training","aspect":198.43495,"roads":9999,"rivers":100,"ndvi":0.66293,"faults":9999,"profile":0.01387,"plan":-0.0506,"dusaf":3,"dtm":2028},"geometry":{"type":"Point","coordinates":[9.839321520854607,46.32438757631737]}},{"type":"Feature","id":488,"properties":{"fid":488,"Hazard":2,"Train_Test":"Training","aspect":206.56505,"roads":9999,"rivers":9999,"ndvi":0.15637,"faults":500,"profile":0,"plan":0,"dusaf":3,"dtm":2086},"geometry":{"type":"Point","coordinates":[9.859564564548512,46.309306588015176]}},{"type":"Feature","id":489,"properties":{"fid":489,"Hazard":2,"Train_Test":"Training","aspect":144.46233,"roads":9999,"rivers":9999,"ndvi":0.22774,"faults":250,"profile":-0.03568,"plan":-0.32329,"dusaf":3,"dtm":2431},"geometry":{"type":"Point","coordinates":[9.78705528943623,46.330704363357434]}},{"type":"Feature","id":490,"properties":{"fid":490,"Hazard":2,"Train_Test":"Training","aspect":98.1301,"roads":9999,"rivers":9999,"ndvi":0.10674,"faults":9999,"profile":0.01502,"plan":-0.03903,"dusaf":3,"dtm":2157},"geometry":{"type":"Point","coordinates":[9.788738192578963,46.32713015489999]}},{"type":"Feature","id":491,"properties":{"fid":491,"Hazard":2,"Train_Test":"Training","aspect":156.80141,"roads":9999,"rivers":500,"ndvi":0.80495,"faults":9999,"profile":0.01372,"plan":0.01675,"dusaf":3,"dtm":1754},"geometry":{"type":"Point","coordinates":[9.771504894582709,46.31568129592781]}},{"type":"Feature","id":492,"properties":{"fid":492,"Hazard":2,"Train_Test":"Training","aspect":14.03624,"roads":9999,"rivers":9999,"ndvi":0.14351,"faults":100,"profile":-0.01945,"plan":0.00285,"dusaf":3,"dtm":1966},"geometry":{"type":"Point","coordinates":[9.800667822494708,46.309964955860494]}},{"type":"Feature","id":493,"properties":{"fid":493,"Hazard":2,"Train_Test":"Training","aspect":171.8699,"roads":9999,"rivers":500,"ndvi":0.7245,"faults":9999,"profile":0.00936,"plan":0.03224,"dusaf":3,"dtm":1754},"geometry":{"type":"Point","coordinates":[9.772434228008015,46.31588838777854]}},{"type":"Feature","id":494,"properties":{"fid":494,"Hazard":2,"Train_Test":"Training","aspect":180,"roads":9999,"rivers":500,"ndvi":-0.08122,"faults":500,"profile":-0.01431,"plan":0,"dusaf":3,"dtm":2705},"geometry":{"type":"Point","coordinates":[9.838889372340994,46.33692783764593]}},{"type":"Feature","id":495,"properties":{"fid":495,"Hazard":2,"Train_Test":"Training","aspect":191.30994,"roads":9999,"rivers":9999,"ndvi":0.62888,"faults":9999,"profile":-0.01414,"plan":-0.03922,"dusaf":3,"dtm":1721},"geometry":{"type":"Point","coordinates":[9.860448964485714,46.28456520992924]}},{"type":"Feature","id":496,"properties":{"fid":496,"Hazard":2,"Train_Test":"Training","aspect":270,"roads":9999,"rivers":250,"ndvi":0.69052,"faults":500,"profile":-0.01431,"plan":0,"dusaf":3,"dtm":1945},"geometry":{"type":"Point","coordinates":[9.839817433965765,46.31850820624555]}},{"type":"Feature","id":497,"properties":{"fid":497,"Hazard":2,"Train_Test":"Training","aspect":251.56505,"roads":9999,"rivers":500,"ndvi":0.68375,"faults":9999,"profile":0.02254,"plan":0.04427,"dusaf":3,"dtm":1985},"geometry":{"type":"Point","coordinates":[9.841113431773628,46.3186765707159]}},{"type":"Feature","id":498,"properties":{"fid":498,"Hazard":2,"Train_Test":"Training","aspect":260.53769,"roads":500,"rivers":9999,"ndvi":0.66832,"faults":9999,"profile":-0.00034,"plan":-0.03199,"dusaf":3,"dtm":1431},"geometry":{"type":"Point","coordinates":[9.865592897090927,46.27813214697685]}},{"type":"Feature","id":499,"properties":{"fid":499,"Hazard":2,"Train_Test":"Training","aspect":260.53769,"roads":500,"rivers":9999,"ndvi":0.66832,"faults":9999,"profile":-0.00034,"plan":-0.03199,"dusaf":3,"dtm":1431},"geometry":{"type":"Point","coordinates":[9.865592897090927,46.27813214697685]}},{"type":"Feature","id":500,"properties":{"fid":500,"Hazard":2,"Train_Test":"Training","aspect":225,"roads":500,"rivers":500,"ndvi":0.74231,"faults":500,"profile":-0.01941,"plan":-0.14142,"dusaf":3,"dtm":1705},"geometry":{"type":"Point","coordinates":[9.813459358574676,46.31867369247234]}},{"type":"Feature","id":501,"properties":{"fid":501,"Hazard":2,"Train_Test":"Training","aspect":180,"roads":9999,"rivers":9999,"ndvi":-0.03715,"faults":9999,"profile":0.011,"plan":0,"dusaf":3,"dtm":2577},"geometry":{"type":"Point","coordinates":[9.812041125987937,46.342988381275575]}},{"type":"Feature","id":502,"properties":{"fid":502,"Hazard":2,"Train_Test":"Training","aspect":135,"roads":9999,"rivers":500,"ndvi":0.71784,"faults":9999,"profile":0.01319,"plan":-0.03536,"dusaf":3,"dtm":1770},"geometry":{"type":"Point","coordinates":[9.77094915236882,46.31570242204954]}},{"type":"Feature","id":503,"properties":{"fid":503,"Hazard":2,"Train_Test":"Training","aspect":194.03624,"roads":250,"rivers":250,"ndvi":0.72616,"faults":9999,"profile":-0.00465,"plan":-0.03424,"dusaf":3,"dtm":1500},"geometry":{"type":"Point","coordinates":[9.827690475114393,46.31073372897455]}},{"type":"Feature","id":504,"properties":{"fid":504,"Hazard":2,"Train_Test":"Training","aspect":164.05461,"roads":100,"rivers":250,"ndvi":0.79126,"faults":9999,"profile":0.00977,"plan":0.00207,"dusaf":3,"dtm":1628},"geometry":{"type":"Point","coordinates":[9.799885798748683,46.318813974320925]}},{"type":"Feature","id":505,"properties":{"fid":505,"Hazard":2,"Train_Test":"Training","aspect":45,"roads":250,"rivers":9999,"ndvi":0.5729,"faults":9999,"profile":-0.00891,"plan":0.03536,"dusaf":3,"dtm":1337},"geometry":{"type":"Point","coordinates":[9.839817790481233,46.27121338098116]}},{"type":"Feature","id":506,"properties":{"fid":506,"Hazard":2,"Train_Test":"Training","aspect":45,"roads":9999,"rivers":9999,"ndvi":0.49854,"faults":500,"profile":-0.00659,"plan":0.01768,"dusaf":3,"dtm":1901},"geometry":{"type":"Point","coordinates":[9.811199388853892,46.3047084967343]}},{"type":"Feature","id":507,"properties":{"fid":507,"Hazard":2,"Train_Test":"Training","aspect":45,"roads":9999,"rivers":9999,"ndvi":0.49854,"faults":500,"profile":-0.00659,"plan":0.01768,"dusaf":3,"dtm":1901},"geometry":{"type":"Point","coordinates":[9.811199388853892,46.3047084967343]}},{"type":"Feature","id":508,"properties":{"fid":508,"Hazard":2,"Train_Test":"Training","aspect":201.80141,"roads":9999,"rivers":9999,"ndvi":0.08997,"faults":500,"profile":-0.01177,"plan":-0.00512,"dusaf":3,"dtm":2684},"geometry":{"type":"Point","coordinates":[9.823097867143714,46.34223867228188]}},{"type":"Feature","id":509,"properties":{"fid":509,"Hazard":2,"Train_Test":"Training","aspect":206.56505,"roads":9999,"rivers":9999,"ndvi":0.74654,"faults":250,"profile":0.00229,"plan":0.02385,"dusaf":3,"dtm":1824},"geometry":{"type":"Point","coordinates":[9.85616337841986,46.29487949156508]}},{"type":"Feature","id":510,"properties":{"fid":510,"Hazard":2,"Train_Test":"Training","aspect":116.56505,"roads":500,"rivers":250,"ndvi":0.4,"faults":9999,"profile":0.02434,"plan":0.01789,"dusaf":3,"dtm":1289},"geometry":{"type":"Point","coordinates":[9.837644702119565,46.28830134442594]}},{"type":"Feature","id":511,"properties":{"fid":511,"Hazard":2,"Train_Test":"Training","aspect":233.1301,"roads":9999,"rivers":500,"ndvi":0.52607,"faults":9999,"profile":-0.00172,"plan":0.0448,"dusaf":3,"dtm":2118},"geometry":{"type":"Point","coordinates":[9.845548147995215,46.32236153166422]}},{"type":"Feature","id":512,"properties":{"fid":512,"Hazard":2,"Train_Test":"Training","aspect":216.8699,"roads":9999,"rivers":9999,"ndvi":0.04586,"faults":9999,"profile":-0.0166,"plan":-0.0736,"dusaf":3,"dtm":2589},"geometry":{"type":"Point","coordinates":[9.818609652869469,46.341964786843235]}},{"type":"Feature","id":513,"properties":{"fid":513,"Hazard":2,"Train_Test":"Training","aspect":172.87498,"roads":9999,"rivers":9999,"ndvi":0.64377,"faults":500,"profile":0.00218,"plan":-0.03053,"dusaf":3,"dtm":1912},"geometry":{"type":"Point","coordinates":[9.86637874526146,46.28622415424285]}},{"type":"Feature","id":514,"properties":{"fid":514,"Hazard":2,"Train_Test":"Training","aspect":288.43494,"roads":9999,"rivers":250,"ndvi":0.69205,"faults":9999,"profile":-0.02254,"plan":-0.04427,"dusaf":3,"dtm":2047},"geometry":{"type":"Point","coordinates":[9.842049959941887,46.32315255739379]}},{"type":"Feature","id":515,"properties":{"fid":515,"Hazard":2,"Train_Test":"Training","aspect":192.52881,"roads":9999,"rivers":9999,"ndvi":0.37386,"faults":250,"profile":-0.00589,"plan":-0.00561,"dusaf":3,"dtm":2302},"geometry":{"type":"Point","coordinates":[9.866672249387717,46.310431197125595]}},{"type":"Feature","id":516,"properties":{"fid":516,"Hazard":2,"Train_Test":"Testing","aspect":21.80141,"roads":9999,"rivers":9999,"ndvi":-0.03131,"faults":500,"profile":0.01647,"plan":-0.00768,"dusaf":3,"dtm":1940},"geometry":{"type":"Point","coordinates":[9.811997861551516,46.30361784449398]}},{"type":"Feature","id":517,"properties":{"fid":517,"Hazard":2,"Train_Test":"Testing","aspect":21.80141,"roads":9999,"rivers":9999,"ndvi":-0.03131,"faults":500,"profile":0.01647,"plan":-0.00768,"dusaf":3,"dtm":1940},"geometry":{"type":"Point","coordinates":[9.811997861551516,46.30361784449398]}},{"type":"Feature","id":518,"properties":{"fid":518,"Hazard":2,"Train_Test":"Training","aspect":225,"roads":9999,"rivers":9999,"ndvi":0.69186,"faults":500,"profile":-0.01633,"plan":-0.01414,"dusaf":3,"dtm":1706},"geometry":{"type":"Point","coordinates":[9.855039283929,46.29356928506549]}},{"type":"Feature","id":519,"properties":{"fid":519,"Hazard":2,"Train_Test":"Training","aspect":180,"roads":9999,"rivers":9999,"ndvi":0.28463,"faults":250,"profile":0,"plan":0,"dusaf":3,"dtm":1823},"geometry":{"type":"Point","coordinates":[9.850820645685713,46.310204431308115]}},{"type":"Feature","id":520,"properties":{"fid":520,"Hazard":2,"Train_Test":"Training","aspect":243.43495,"roads":100,"rivers":250,"ndvi":0.55596,"faults":9999,"profile":-0.00372,"plan":-0.07155,"dusaf":2,"dtm":1031},"geometry":{"type":"Point","coordinates":[9.854859671972331,46.27576277730837]}},{"type":"Feature","id":521,"properties":{"fid":521,"Hazard":2,"Train_Test":"Training","aspect":180,"roads":9999,"rivers":500,"ndvi":0.70093,"faults":9999,"profile":0,"plan":0,"dusaf":3,"dtm":2115},"geometry":{"type":"Point","coordinates":[9.844002813810443,46.324011151858215]}},{"type":"Feature","id":522,"properties":{"fid":522,"Hazard":2,"Train_Test":"Training","aspect":23.62938,"roads":9999,"rivers":9999,"ndvi":0.14346,"faults":500,"profile":-0.00965,"plan":0.01066,"dusaf":3,"dtm":2406},"geometry":{"type":"Point","coordinates":[9.797557108321376,46.30689975933441]}},{"type":"Feature","id":523,"properties":{"fid":523,"Hazard":2,"Train_Test":"Training","aspect":59.03624,"roads":9999,"rivers":9999,"ndvi":0.2355,"faults":500,"profile":0.01289,"plan":0.0343,"dusaf":3,"dtm":2057},"geometry":{"type":"Point","coordinates":[9.815786031264995,46.294388468069144]}},{"type":"Feature","id":524,"properties":{"fid":524,"Hazard":2,"Train_Test":"Training","aspect":82.87498,"roads":9999,"rivers":500,"ndvi":0.67826,"faults":250,"profile":-0.00131,"plan":-0.02137,"dusaf":3,"dtm":1656},"geometry":{"type":"Point","coordinates":[9.820178427068905,46.305200628714786]}},{"type":"Feature","id":525,"properties":{"fid":525,"Hazard":2,"Train_Test":"Training","aspect":236.30994,"roads":250,"rivers":250,"ndvi":0.59551,"faults":500,"profile":-0.01153,"plan":-0.01707,"dusaf":3,"dtm":1091},"geometry":{"type":"Point","coordinates":[9.855324990433738,46.27769480927235]}},{"type":"Feature","id":526,"properties":{"fid":526,"Hazard":2,"Train_Test":"Testing","aspect":18.43495,"roads":9999,"rivers":9999,"ndvi":0.33779,"faults":500,"profile":0.00362,"plan":-0.00949,"dusaf":3,"dtm":1914},"geometry":{"type":"Point","coordinates":[9.811675653757641,46.30415683159391]}},{"type":"Feature","id":527,"properties":{"fid":527,"Hazard":2,"Train_Test":"Training","aspect":236.30994,"roads":50,"rivers":250,"ndvi":0.52742,"faults":500,"profile":-0.0269,"plan":0.03414,"dusaf":13,"dtm":1420},"geometry":{"type":"Point","coordinates":[9.832370734018577,46.30435565642885]}},{"type":"Feature","id":528,"properties":{"fid":528,"Hazard":2,"Train_Test":"Training","aspect":180,"roads":250,"rivers":250,"ndvi":0.48739,"faults":500,"profile":-0.0197,"plan":0,"dusaf":3,"dtm":1424},"geometry":{"type":"Point","coordinates":[9.826489647042449,46.307454933887115]}},{"type":"Feature","id":529,"properties":{"fid":529,"Hazard":2,"Train_Test":"Training","aspect":36.8699,"roads":9999,"rivers":9999,"ndvi":-0.05048,"faults":250,"profile":0,"plan":0,"dusaf":3,"dtm":2306},"geometry":{"type":"Point","coordinates":[9.814373693437163,46.29018637231656]}},{"type":"Feature","id":530,"properties":{"fid":530,"Hazard":2,"Train_Test":"Training","aspect":101.30993,"roads":500,"rivers":9999,"ndvi":0.45882,"faults":9999,"profile":0.01414,"plan":0.03922,"dusaf":3,"dtm":1390},"geometry":{"type":"Point","coordinates":[9.839136402240907,46.27325052439526]}},{"type":"Feature","id":531,"properties":{"fid":531,"Hazard":2,"Train_Test":"Training","aspect":90,"roads":500,"rivers":500,"ndvi":0.27624,"faults":50,"profile":0.011,"plan":0,"dusaf":3,"dtm":1527},"geometry":{"type":"Point","coordinates":[9.833590202812907,46.29293340355021]}},{"type":"Feature","id":532,"properties":{"fid":532,"Hazard":2,"Train_Test":"Training","aspect":59.03624,"roads":9999,"rivers":9999,"ndvi":0.0003,"faults":500,"profile":-0.00721,"plan":-0.04943,"dusaf":3,"dtm":2248},"geometry":{"type":"Point","coordinates":[9.805086046384325,46.30366503257349]}},{"type":"Feature","id":533,"properties":{"fid":533,"Hazard":2,"Train_Test":"Training","aspect":106.69924,"roads":9999,"rivers":9999,"ndvi":0.64816,"faults":50,"profile":0.00419,"plan":0.00703,"dusaf":3,"dtm":2016},"geometry":{"type":"Point","coordinates":[9.827345837299957,46.27567449825712]}},{"type":"Feature","id":534,"properties":{"fid":534,"Hazard":2,"Train_Test":"Training","aspect":203.19859,"roads":9999,"rivers":9999,"ndvi":0.65186,"faults":9999,"profile":0.01007,"plan":0.02626,"dusaf":3,"dtm":1792},"geometry":{"type":"Point","coordinates":[9.860947280086275,46.28525860521025]}},{"type":"Feature","id":535,"properties":{"fid":535,"Hazard":2,"Train_Test":"Training","aspect":90,"roads":9999,"rivers":9999,"ndvi":0.32933,"faults":50,"profile":0.011,"plan":0,"dusaf":3,"dtm":1959},"geometry":{"type":"Point","coordinates":[9.81800451111831,46.297440129106946]}},{"type":"Feature","id":536,"properties":{"fid":536,"Hazard":2,"Train_Test":"Training","aspect":71.56505,"roads":500,"rivers":500,"ndvi":0.39913,"faults":9999,"profile":0.0084,"plan":-0.02319,"dusaf":3,"dtm":1435},"geometry":{"type":"Point","coordinates":[9.836023728207335,46.285729493485526]}},{"type":"Feature","id":537,"properties":{"fid":537,"Hazard":2,"Train_Test":"Training","aspect":180,"roads":9999,"rivers":9999,"ndvi":0.72916,"faults":9999,"profile":-0.01905,"plan":0,"dusaf":3,"dtm":1870},"geometry":{"type":"Point","coordinates":[9.776753589496195,46.317692796356944]}},{"type":"Feature","id":538,"properties":{"fid":538,"Hazard":2,"Train_Test":"Training","aspect":206.56505,"roads":50,"rivers":100,"ndvi":0.2677,"faults":250,"profile":-0.00372,"plan":-0.07155,"dusaf":2,"dtm":1596},"geometry":{"type":"Point","coordinates":[9.793484864064373,46.31682034130045]}},{"type":"Feature","id":539,"properties":{"fid":539,"Hazard":2,"Train_Test":"Training","aspect":231.34019,"roads":9999,"rivers":9999,"ndvi":-0.05443,"faults":500,"profile":-0.00728,"plan":-0.01219,"dusaf":3,"dtm":2814},"geometry":{"type":"Point","coordinates":[9.826984398138404,46.34265280214995]}},{"type":"Feature","id":540,"properties":{"fid":540,"Hazard":2,"Train_Test":"Training","aspect":26.56505,"roads":100,"rivers":100,"ndvi":0.4931,"faults":9999,"profile":-0.03674,"plan":-0.01431,"dusaf":3,"dtm":1189},"geometry":{"type":"Point","coordinates":[9.842653374088087,46.283716621246604]}},{"type":"Feature","id":541,"properties":{"fid":541,"Hazard":2,"Train_Test":"Training","aspect":100.61965,"roads":9999,"rivers":250,"ndvi":0.59288,"faults":50,"profile":0.00042,"plan":-0.01409,"dusaf":3,"dtm":1907},"geometry":{"type":"Point","coordinates":[9.80445611245553,46.32513510081043]}},{"type":"Feature","id":542,"properties":{"fid":542,"Hazard":2,"Train_Test":"Training","aspect":180,"roads":9999,"rivers":9999,"ndvi":0.43559,"faults":500,"profile":0.01905,"plan":0.05,"dusaf":3,"dtm":2021},"geometry":{"type":"Point","coordinates":[9.860352589695932,46.30819234203213]}},{"type":"Feature","id":543,"properties":{"fid":543,"Hazard":2,"Train_Test":"Training","aspect":56.30993,"roads":9999,"rivers":9999,"ndvi":-0.01482,"faults":250,"profile":0,"plan":0,"dusaf":3,"dtm":2359},"geometry":{"type":"Point","coordinates":[9.803248416571536,46.30254233140438]}},{"type":"Feature","id":544,"properties":{"fid":544,"Hazard":2,"Train_Test":"Training","aspect":123.69007,"roads":9999,"rivers":9999,"ndvi":0.3392,"faults":250,"profile":0,"plan":0,"dusaf":3,"dtm":2453},"geometry":{"type":"Point","coordinates":[9.786000677769023,46.330561312408534]}},{"type":"Feature","id":545,"properties":{"fid":545,"Hazard":2,"Train_Test":"Training","roads":9999,"rivers":250,"ndvi":0.59582,"faults":9999,"profile":0,"plan":0,"dusaf":3,"dtm":1950},"geometry":{"type":"Point","coordinates":[9.837168215031609,46.32261274285388]}},{"type":"Feature","id":546,"properties":{"fid":546,"Hazard":2,"Train_Test":"Training","roads":9999,"rivers":250,"ndvi":0.59582,"faults":9999,"profile":0,"plan":0,"dusaf":3,"dtm":1950},"geometry":{"type":"Point","coordinates":[9.837168215031609,46.32261274285388]}},{"type":"Feature","id":547,"properties":{"fid":547,"Hazard":2,"Train_Test":"Training","aspect":189.46233,"roads":9999,"rivers":9999,"ndvi":0.61396,"faults":500,"profile":0.00034,"plan":0.03199,"dusaf":3,"dtm":2088},"geometry":{"type":"Point","coordinates":[9.859110093252568,46.30939724355442]}},{"type":"Feature","id":548,"properties":{"fid":548,"Hazard":2,"Train_Test":"Training","aspect":200.55605,"roads":9999,"rivers":9999,"ndvi":0.17443,"faults":500,"profile":0.00975,"plan":-0.00257,"dusaf":3,"dtm":2413},"geometry":{"type":"Point","coordinates":[9.86627558565127,46.31172742836043]}},{"type":"Feature","id":549,"properties":{"fid":549,"Hazard":2,"Train_Test":"Training","aspect":169.69516,"roads":250,"rivers":500,"ndvi":0.66053,"faults":9999,"profile":-0.00469,"plan":-0.00372,"dusaf":3,"dtm":1642},"geometry":{"type":"Point","coordinates":[9.815479552413114,46.31671792781221]}},{"type":"Feature","id":550,"properties":{"fid":550,"Hazard":2,"Train_Test":"Training","aspect":71.56505,"roads":500,"rivers":250,"ndvi":0.78765,"faults":500,"profile":-0.02254,"plan":-0.04427,"dusaf":3,"dtm":1477},"geometry":{"type":"Point","coordinates":[9.822646561796565,46.306556696954544]}},{"type":"Feature","id":551,"properties":{"fid":551,"Hazard":2,"Train_Test":"Training","aspect":143.1301,"roads":250,"rivers":500,"ndvi":0.79638,"faults":500,"profile":0.00172,"plan":-0.0448,"dusaf":3,"dtm":1676},"geometry":{"type":"Point","coordinates":[9.801167219917943,46.31984185054937]}},{"type":"Feature","id":552,"properties":{"fid":552,"Hazard":2,"Train_Test":"Training","aspect":208.81079,"roads":9999,"rivers":9999,"ndvi":0.03178,"faults":50,"profile":-0.00074,"plan":-0.03878,"dusaf":3,"dtm":2761},"geometry":{"type":"Point","coordinates":[9.857956984509817,46.33123668404577]}},{"type":"Feature","id":553,"properties":{"fid":553,"Hazard":2,"Train_Test":"Training","aspect":180,"roads":9999,"rivers":9999,"ndvi":0.5072,"faults":9999,"profile":-0.00821,"plan":0,"dusaf":3,"dtm":1710},"geometry":{"type":"Point","coordinates":[9.866544838759403,46.28445415266218]}},{"type":"Feature","id":554,"properties":{"fid":554,"Hazard":2,"Train_Test":"Training","aspect":206.56505,"roads":100,"rivers":250,"ndvi":0.69194,"faults":500,"profile":0.01115,"plan":0.03578,"dusaf":2,"dtm":1442},"geometry":{"type":"Point","coordinates":[9.827961416243777,46.30846892961033]}},{"type":"Feature","id":555,"properties":{"fid":555,"Hazard":2,"Train_Test":"Training","aspect":216.8699,"roads":9999,"rivers":9999,"ndvi":-0.06978,"faults":500,"profile":-0.01202,"plan":-0.0064,"dusaf":3,"dtm":2805},"geometry":{"type":"Point","coordinates":[9.827470696923312,46.34218579274656]}},{"type":"Feature","id":556,"properties":{"fid":556,"Hazard":2,"Train_Test":"Training","aspect":288.43494,"roads":9999,"rivers":9999,"ndvi":0.63165,"faults":9999,"profile":-0.02254,"plan":-0.04427,"dusaf":3,"dtm":2123},"geometry":{"type":"Point","coordinates":[9.845913656793808,46.321893490934805]}},{"type":"Feature","id":557,"properties":{"fid":557,"Hazard":2,"Train_Test":"Training","aspect":172.87498,"roads":9999,"rivers":9999,"ndvi":0.21182,"faults":250,"profile":-0.00102,"plan":0.02748,"dusaf":3,"dtm":2426},"geometry":{"type":"Point","coordinates":[9.867718877424748,46.311614721188214]}},{"type":"Feature","id":558,"properties":{"fid":558,"Hazard":2,"Train_Test":"Training","aspect":236.30994,"roads":250,"rivers":500,"ndvi":0.81079,"faults":500,"profile":-0.01153,"plan":-0.01707,"dusaf":3,"dtm":1628},"geometry":{"type":"Point","coordinates":[9.811316510753175,46.31772921688755]}},{"type":"Feature","id":559,"properties":{"fid":559,"Hazard":2,"Train_Test":"Training","aspect":180,"roads":9999,"rivers":9999,"ndvi":0.72405,"faults":500,"profile":0.011,"plan":0.05714,"dusaf":3,"dtm":2249},"geometry":{"type":"Point","coordinates":[9.86537204957513,46.309888708186286]}},{"type":"Feature","id":560,"properties":{"fid":560,"Hazard":2,"Train_Test":"Training","aspect":206.56505,"roads":9999,"rivers":9999,"ndvi":0.76526,"faults":500,"profile":0.04089,"plan":-0.10733,"dusaf":3,"dtm":1720},"geometry":{"type":"Point","coordinates":[9.851427071802508,46.30760228462402]}},{"type":"Feature","id":561,"properties":{"fid":561,"Hazard":2,"Train_Test":"Training","aspect":161.56505,"roads":9999,"rivers":9999,"ndvi":0.31616,"faults":9999,"profile":-0.01734,"plan":-0.06325,"dusaf":3,"dtm":2347},"geometry":{"type":"Point","coordinates":[9.77429829532923,46.325305666268974]}},{"type":"Feature","id":562,"properties":{"fid":562,"Hazard":2,"Train_Test":"Training","aspect":200.55605,"roads":9999,"rivers":9999,"ndvi":0.30824,"faults":100,"profile":0.00397,"plan":0.01283,"dusaf":3,"dtm":2045},"geometry":{"type":"Point","coordinates":[9.854921369334557,46.31195908706522]}},{"type":"Feature","id":563,"properties":{"fid":563,"Hazard":2,"Train_Test":"Training","aspect":188.1301,"roads":9999,"rivers":500,"ndvi":0.83069,"faults":500,"profile":0.01241,"plan":0.02432,"dusaf":3,"dtm":1809},"geometry":{"type":"Point","coordinates":[9.768122678693135,46.315405735912144]}},{"type":"Feature","id":564,"properties":{"fid":564,"Hazard":2,"Train_Test":"Training","aspect":243.43495,"roads":9999,"rivers":500,"ndvi":0.70228,"faults":9999,"profile":-0.00609,"plan":0.01789,"dusaf":3,"dtm":2001},"geometry":{"type":"Point","coordinates":[9.842203291780233,46.31845587502625]}},{"type":"Feature","id":565,"properties":{"fid":565,"Hazard":2,"Train_Test":"Training","aspect":201.03751,"roads":9999,"rivers":9999,"ndvi":0.17953,"faults":250,"profile":-0.01133,"plan":-0.04515,"dusaf":3,"dtm":2400},"geometry":{"type":"Point","coordinates":[9.789309553762283,46.330974021475015]}},{"type":"Feature","id":566,"properties":{"fid":566,"Hazard":2,"Train_Test":"Training","aspect":180,"roads":500,"rivers":9999,"ndvi":0.80325,"faults":9999,"profile":0,"plan":0,"dusaf":3,"dtm":1895},"geometry":{"type":"Point","coordinates":[9.797910518877492,46.32201194601708]}},{"type":"Feature","id":567,"properties":{"fid":567,"Hazard":2,"Train_Test":"Training","aspect":203.19859,"roads":9999,"rivers":9999,"ndvi":0.65517,"faults":9999,"profile":-0.00642,"plan":-0.03577,"dusaf":3,"dtm":1486},"geometry":{"type":"Point","coordinates":[9.862117978511876,46.28168447957397]}},{"type":"Feature","id":568,"properties":{"fid":568,"Hazard":2,"Train_Test":"Training","aspect":194.03624,"roads":9999,"rivers":9999,"ndvi":0.23746,"faults":9999,"profile":-0.00093,"plan":-0.04565,"dusaf":3,"dtm":2357},"geometry":{"type":"Point","coordinates":[9.77488803823722,46.325453345284366]}},{"type":"Feature","id":569,"properties":{"fid":569,"Hazard":2,"Train_Test":"Training","aspect":46.84761,"roads":9999,"rivers":9999,"ndvi":0.50121,"faults":500,"profile":-0.00281,"plan":0.0088,"dusaf":3,"dtm":2060},"geometry":{"type":"Point","coordinates":[9.809848970476658,46.303357075175306]}},{"type":"Feature","id":570,"properties":{"fid":570,"Hazard":2,"Train_Test":"Training","aspect":46.84761,"roads":9999,"rivers":9999,"ndvi":0.50121,"faults":500,"profile":-0.00281,"plan":0.0088,"dusaf":3,"dtm":2060},"geometry":{"type":"Point","coordinates":[9.809848970476658,46.303357075175306]}},{"type":"Feature","id":571,"properties":{"fid":571,"Hazard":2,"Train_Test":"Training","aspect":163.30075,"roads":9999,"rivers":9999,"ndvi":0.55824,"faults":500,"profile":0.00905,"plan":0.03128,"dusaf":3,"dtm":1568},"geometry":{"type":"Point","coordinates":[9.857699502683625,46.283563719980826]}},{"type":"Feature","id":572,"properties":{"fid":572,"Hazard":2,"Train_Test":"Training","aspect":236.30994,"roads":100,"rivers":100,"ndvi":0.5308,"faults":9999,"profile":0,"plan":0,"dusaf":2,"dtm":1396},"geometry":{"type":"Point","coordinates":[9.834707860034257,46.297612474038836]}},{"type":"Feature","id":573,"properties":{"fid":573,"Hazard":2,"Train_Test":"Training","aspect":111.80141,"roads":9999,"rivers":9999,"ndvi":0.05957,"faults":100,"profile":0.02118,"plan":-0.02049,"dusaf":3,"dtm":2743},"geometry":{"type":"Point","coordinates":[9.834532860703808,46.335770753271944]}},{"type":"Feature","id":574,"properties":{"fid":574,"Hazard":2,"Train_Test":"Testing","aspect":49.3987,"roads":250,"rivers":250,"ndvi":0.79384,"faults":500,"profile":-0.00327,"plan":0.03063,"dusaf":3,"dtm":1532},"geometry":{"type":"Point","coordinates":[9.817280693811961,46.30947287228289]}},{"type":"Feature","id":575,"properties":{"fid":575,"Hazard":2,"Train_Test":"Training","aspect":239.03624,"roads":9999,"rivers":9999,"ndvi":0.58159,"faults":500,"profile":-0.01858,"plan":-0.01917,"dusaf":3,"dtm":2173},"geometry":{"type":"Point","coordinates":[9.847665272056274,46.31893181696873]}},{"type":"Feature","id":576,"properties":{"fid":576,"Hazard":2,"Train_Test":"Training","aspect":164.05461,"roads":9999,"rivers":500,"ndvi":0.77413,"faults":500,"profile":-0.00698,"plan":-0.00933,"dusaf":3,"dtm":1766},"geometry":{"type":"Point","coordinates":[9.770581157490897,46.315521453851986]}},{"type":"Feature","id":577,"properties":{"fid":577,"Hazard":2,"Train_Test":"Training","aspect":206.56505,"roads":9999,"rivers":9999,"ndvi":0.01948,"faults":500,"profile":-0.00609,"plan":0.01789,"dusaf":3,"dtm":2575},"geometry":{"type":"Point","coordinates":[9.82019783272165,46.34124383390276]}},{"type":"Feature","id":578,"properties":{"fid":578,"Hazard":2,"Train_Test":"Training","aspect":45,"roads":9999,"rivers":9999,"ndvi":-0.07378,"faults":100,"profile":-0.0029,"plan":0.00884,"dusaf":3,"dtm":2361},"geometry":{"type":"Point","coordinates":[9.817659885566544,46.28610473247853]}},{"type":"Feature","id":579,"properties":{"fid":579,"Hazard":2,"Train_Test":"Training","aspect":210.96376,"roads":250,"rivers":500,"ndvi":0.81702,"faults":500,"profile":0.01289,"plan":0.0343,"dusaf":3,"dtm":1473},"geometry":{"type":"Point","coordinates":[9.843792045604548,46.294049643698465]}},{"type":"Feature","id":580,"properties":{"fid":580,"Hazard":2,"Train_Test":"Training","aspect":251.56505,"roads":9999,"rivers":250,"ndvi":0.65542,"faults":9999,"profile":0,"plan":0,"dusaf":3,"dtm":1891},"geometry":{"type":"Point","coordinates":[9.83843079043221,46.319079295077266]}},{"type":"Feature","id":581,"properties":{"fid":581,"Hazard":2,"Train_Test":"Training","aspect":194.03624,"roads":9999,"rivers":9999,"ndvi":0.01938,"faults":9999,"profile":0.00093,"plan":0.04565,"dusaf":3,"dtm":2536},"geometry":{"type":"Point","coordinates":[9.811485969559717,46.342384078148534]}},{"type":"Feature","id":582,"properties":{"fid":582,"Hazard":2,"Train_Test":"Training","aspect":288.43494,"roads":9999,"rivers":9999,"ndvi":0.47744,"faults":500,"profile":0.00362,"plan":-0.00949,"dusaf":3,"dtm":2188},"geometry":{"type":"Point","coordinates":[9.848296325906201,46.32226116416878]}},{"type":"Feature","id":583,"properties":{"fid":583,"Hazard":2,"Train_Test":"Training","aspect":180,"roads":50,"rivers":250,"ndvi":0.62781,"faults":9999,"profile":0.01757,"plan":0,"dusaf":2,"dtm":1462},"geometry":{"type":"Point","coordinates":[9.827681509333821,46.30940950168422]}},{"type":"Feature","id":584,"properties":{"fid":584,"Hazard":2,"Train_Test":"Training","aspect":201.80141,"roads":9999,"rivers":9999,"ndvi":0.17122,"faults":9999,"profile":0.01177,"plan":0.00512,"dusaf":3,"dtm":2217},"geometry":{"type":"Point","coordinates":[9.77035899696051,46.32388976195528]}},{"type":"Feature","id":585,"properties":{"fid":585,"Hazard":2,"Train_Test":"Training","aspect":180,"roads":50,"rivers":250,"ndvi":0.49195,"faults":500,"profile":0,"plan":0,"dusaf":2,"dtm":1609},"geometry":{"type":"Point","coordinates":[9.793734839170018,46.317483038031675]}},{"type":"Feature","id":586,"properties":{"fid":586,"Hazard":2,"Train_Test":"Training","aspect":206.56505,"roads":250,"rivers":500,"ndvi":0.86119,"faults":500,"profile":0.00372,"plan":0.07155,"dusaf":3,"dtm":1640},"geometry":{"type":"Point","coordinates":[9.795820175189244,46.318717940150705]}},{"type":"Feature","id":587,"properties":{"fid":587,"Hazard":2,"Train_Test":"Training","aspect":26.56505,"roads":500,"rivers":500,"ndvi":0.53851,"faults":9999,"profile":0.00687,"plan":0.01193,"dusaf":3,"dtm":1327},"geometry":{"type":"Point","coordinates":[9.84076016374649,46.281978642581684]}},{"type":"Feature","id":588,"properties":{"fid":588,"Hazard":2,"Train_Test":"Training","aspect":225,"roads":9999,"rivers":9999,"ndvi":-0.03698,"faults":250,"profile":-0.0234,"plan":-0.02357,"dusaf":3,"dtm":2808},"geometry":{"type":"Point","coordinates":[9.83016699777531,46.33853071930607]}},{"type":"Feature","id":589,"properties":{"fid":589,"Hazard":2,"Train_Test":"Training","aspect":261.8699,"roads":9999,"rivers":500,"ndvi":0.70313,"faults":500,"profile":-0.01089,"plan":-0.02828,"dusaf":3,"dtm":1759},"geometry":{"type":"Point","coordinates":[9.83168302554705,46.31390794667461]}},{"type":"Feature","id":590,"properties":{"fid":590,"Hazard":2,"Train_Test":"Training","aspect":251.56505,"roads":9999,"rivers":500,"ndvi":0.69566,"faults":9999,"profile":-0.00362,"plan":0.00949,"dusaf":3,"dtm":1974},"geometry":{"type":"Point","coordinates":[9.84058851344333,46.319029050414855]}},{"type":"Feature","id":591,"properties":{"fid":591,"Hazard":2,"Train_Test":"Training","aspect":45,"roads":9999,"rivers":9999,"ndvi":0.63899,"faults":9999,"profile":-0.01633,"plan":-0.01414,"dusaf":3,"dtm":1838},"geometry":{"type":"Point","coordinates":[9.82668599080427,46.29669512976938]}},{"type":"Feature","id":592,"properties":{"fid":592,"Hazard":2,"Train_Test":"Training","aspect":45,"roads":9999,"rivers":9999,"ndvi":0.63899,"faults":9999,"profile":-0.01633,"plan":-0.01414,"dusaf":3,"dtm":1838},"geometry":{"type":"Point","coordinates":[9.82668599080427,46.29669512976938]}},{"type":"Feature","id":593,"properties":{"fid":593,"Hazard":2,"Train_Test":"Training","aspect":255.96376,"roads":250,"rivers":100,"ndvi":0.16329,"faults":9999,"profile":-0.00093,"plan":-0.04565,"dusaf":5,"dtm":994},"geometry":{"type":"Point","coordinates":[9.854767160021401,46.2738690367314]}},{"type":"Feature","id":594,"properties":{"fid":594,"Hazard":2,"Train_Test":"Training","aspect":255.96376,"roads":250,"rivers":100,"ndvi":0.16329,"faults":9999,"profile":-0.00093,"plan":-0.04565,"dusaf":5,"dtm":994},"geometry":{"type":"Point","coordinates":[9.854767160021401,46.2738690367314]}},{"type":"Feature","id":595,"properties":{"fid":595,"Hazard":2,"Train_Test":"Training","aspect":135,"roads":50,"rivers":250,"ndvi":0.24402,"faults":500,"profile":0.01941,"plan":0.14142,"dusaf":2,"dtm":1604},"geometry":{"type":"Point","coordinates":[9.794723688192269,46.31725278585823]}},{"type":"Feature","id":596,"properties":{"fid":596,"Hazard":2,"Train_Test":"Training","aspect":165.96376,"roads":500,"rivers":500,"ndvi":0.655,"faults":500,"profile":0.00432,"plan":-0.01141,"dusaf":3,"dtm":1718},"geometry":{"type":"Point","coordinates":[9.83376493080281,46.31172625558311]}},{"type":"Feature","id":597,"properties":{"fid":597,"Hazard":2,"Train_Test":"Training","aspect":63.43495,"roads":9999,"rivers":9999,"ndvi":0.42331,"faults":50,"profile":0.00512,"plan":0.01193,"dusaf":3,"dtm":2177},"geometry":{"type":"Point","coordinates":[9.825927563806829,46.277376521244705]}},{"type":"Feature","id":598,"properties":{"fid":598,"Hazard":2,"Train_Test":"Training","aspect":75.96375,"roads":250,"rivers":250,"ndvi":0.39396,"faults":9999,"profile":-0.00093,"plan":-0.04565,"dusaf":3,"dtm":1204},"geometry":{"type":"Point","coordinates":[9.842896574889313,46.2828840891802]}},{"type":"Feature","id":599,"properties":{"fid":599,"Hazard":2,"Train_Test":"Training","aspect":158.19859,"roads":50,"rivers":500,"ndvi":0.77913,"faults":9999,"profile":0.00706,"plan":0.01793,"dusaf":3,"dtm":1537},"geometry":{"type":"Point","coordinates":[9.81268346019602,46.31586011155333]}},{"type":"Feature","id":600,"properties":{"fid":600,"Hazard":2,"Train_Test":"Training","aspect":33.69007,"roads":9999,"rivers":500,"ndvi":0.64949,"faults":9999,"profile":0,"plan":0,"dusaf":3,"dtm":1732},"geometry":{"type":"Point","coordinates":[9.828476011274716,46.29715984191914]}},{"type":"Feature","id":601,"properties":{"fid":601,"Hazard":2,"Train_Test":"Training","aspect":135,"roads":9999,"rivers":500,"ndvi":0.69948,"faults":500,"profile":0.02912,"plan":0.07071,"dusaf":3,"dtm":1860},"geometry":{"type":"Point","coordinates":[9.768471269592647,46.31612895904026]}},{"type":"Feature","id":602,"properties":{"fid":602,"Hazard":2,"Train_Test":"Training","aspect":90,"roads":9999,"rivers":9999,"ndvi":0.04155,"faults":100,"profile":-0.02464,"plan":-0.04444,"dusaf":3,"dtm":2729},"geometry":{"type":"Point","coordinates":[9.83465539423494,46.33563017034322]}},{"type":"Feature","id":603,"properties":{"fid":603,"Hazard":2,"Train_Test":"Training","aspect":197.10272,"roads":50,"rivers":9999,"ndvi":0.80346,"faults":9999,"profile":-0.03957,"plan":-0.02178,"dusaf":3,"dtm":1480},"geometry":{"type":"Point","coordinates":[9.846811376371905,46.29319878236946]}},{"type":"Feature","id":604,"properties":{"fid":604,"Hazard":2,"Train_Test":"Training","aspect":146.30994,"roads":250,"rivers":500,"ndvi":0.84509,"faults":9999,"profile":0,"plan":0,"dusaf":3,"dtm":1664},"geometry":{"type":"Point","coordinates":[9.80116159051788,46.31964346860028]}},{"type":"Feature","id":605,"properties":{"fid":605,"Hazard":2,"Train_Test":"Training","aspect":153.43495,"roads":9999,"rivers":9999,"ndvi":0.23528,"faults":9999,"profile":-0.03346,"plan":-0.4651,"dusaf":3,"dtm":2120},"geometry":{"type":"Point","coordinates":[9.790387046695713,46.327026891320266]}},{"type":"Feature","id":606,"properties":{"fid":606,"Hazard":2,"Train_Test":"Training","aspect":12.09476,"roads":9999,"rivers":9999,"ndvi":0.09507,"faults":250,"profile":-0.00504,"plan":-0.02317,"dusaf":3,"dtm":2285},"geometry":{"type":"Point","coordinates":[9.809560608803372,46.301864270428325]}},{"type":"Feature","id":607,"properties":{"fid":607,"Hazard":2,"Train_Test":"Training","aspect":188.1301,"roads":9999,"rivers":9999,"ndvi":0.37267,"faults":500,"profile":-0.00936,"plan":-0.03224,"dusaf":3,"dtm":2236},"geometry":{"type":"Point","coordinates":[9.79075024163468,46.32889842385456]}},{"type":"Feature","id":608,"properties":{"fid":608,"Hazard":2,"Train_Test":"Training","aspect":180,"roads":100,"rivers":250,"ndvi":0.64146,"faults":500,"profile":0,"plan":0,"dusaf":2,"dtm":1439},"geometry":{"type":"Point","coordinates":[9.826831583038137,46.30852308858739]}},{"type":"Feature","id":609,"properties":{"fid":609,"Hazard":2,"Train_Test":"Training","aspect":215.53767,"roads":9999,"rivers":9999,"ndvi":0.15402,"faults":500,"profile":0.00871,"plan":0.02325,"dusaf":3,"dtm":2096},"geometry":{"type":"Point","coordinates":[9.860754413731211,46.30896352671428]}},{"type":"Feature","id":610,"properties":{"fid":610,"Hazard":2,"Train_Test":"Training","aspect":183.81407,"roads":9999,"rivers":9999,"ndvi":0.46052,"faults":500,"profile":-0.02978,"plan":-0.01642,"dusaf":3,"dtm":2149},"geometry":{"type":"Point","coordinates":[9.877466459268035,46.306487998880655]}},{"type":"Feature","id":611,"properties":{"fid":611,"Hazard":2,"Train_Test":"Training","aspect":251.56505,"roads":9999,"rivers":500,"ndvi":0.40504,"faults":9999,"profile":0.01734,"plan":0.06325,"dusaf":3,"dtm":2099},"geometry":{"type":"Point","coordinates":[9.844414450156362,46.32259204792254]}},{"type":"Feature","id":612,"properties":{"fid":612,"Hazard":2,"Train_Test":"Training","aspect":14.03624,"roads":9999,"rivers":9999,"ndvi":0.20811,"faults":250,"profile":-0.00262,"plan":0.01141,"dusaf":3,"dtm":2060},"geometry":{"type":"Point","coordinates":[9.812154501249948,46.30230041864643]}},{"type":"Feature","id":613,"properties":{"fid":613,"Hazard":2,"Train_Test":"Training","aspect":143.1301,"roads":9999,"rivers":9999,"ndvi":0.72325,"faults":500,"profile":0.00172,"plan":-0.0448,"dusaf":3,"dtm":2168},"geometry":{"type":"Point","coordinates":[9.865353947687504,46.30878275760892]}},{"type":"Feature","id":614,"properties":{"fid":614,"Hazard":2,"Train_Test":"Training","aspect":203.19859,"roads":9999,"rivers":9999,"ndvi":0.1292,"faults":9999,"profile":-0.00695,"plan":0.01811,"dusaf":3,"dtm":1982},"geometry":{"type":"Point","coordinates":[9.859377526648725,46.30797822702644]}},{"type":"Feature","id":615,"properties":{"fid":615,"Hazard":2,"Train_Test":"Training","aspect":108.43495,"roads":9999,"rivers":9999,"ndvi":0.25925,"faults":100,"profile":-0.00977,"plan":-0.03542,"dusaf":3,"dtm":2027},"geometry":{"type":"Point","coordinates":[9.82740159522893,46.28141582396419]}},{"type":"Feature","id":616,"properties":{"fid":616,"Hazard":2,"Train_Test":"Training","aspect":270,"roads":9999,"rivers":500,"ndvi":0.73779,"faults":9999,"profile":0,"plan":0,"dusaf":3,"dtm":2063},"geometry":{"type":"Point","coordinates":[9.842374184749207,46.321384717828174]}},{"type":"Feature","id":617,"properties":{"fid":617,"Hazard":2,"Train_Test":"Training","aspect":111.2505,"roads":9999,"rivers":9999,"ndvi":0.37516,"faults":9999,"profile":0.01287,"plan":0.02465,"dusaf":3,"dtm":2680},"geometry":{"type":"Point","coordinates":[9.815622155040462,46.34362158247449]}},{"type":"Feature","id":618,"properties":{"fid":618,"Hazard":2,"Train_Test":"Training","aspect":90,"roads":250,"rivers":100,"ndvi":0.53743,"faults":9999,"profile":0.01757,"plan":0,"dusaf":3,"dtm":1258},"geometry":{"type":"Point","coordinates":[9.838471361977621,46.28774311080614]}},{"type":"Feature","id":619,"properties":{"fid":619,"Hazard":2,"Train_Test":"Training","aspect":150.25511,"roads":9999,"rivers":500,"ndvi":0.70996,"faults":500,"profile":-0.00102,"plan":0.02748,"dusaf":3,"dtm":1763},"geometry":{"type":"Point","coordinates":[9.770873019740636,46.31554785245685]}},{"type":"Feature","id":620,"properties":{"fid":620,"Hazard":2,"Train_Test":"Training","aspect":258.69006,"roads":9999,"rivers":9999,"ndvi":0.02701,"faults":50,"profile":0,"plan":0,"dusaf":3,"dtm":2736},"geometry":{"type":"Point","coordinates":[9.85779047282524,46.33090470876784]}},{"type":"Feature","id":621,"properties":{"fid":621,"Hazard":2,"Train_Test":"Training","aspect":63.43495,"roads":9999,"rivers":9999,"ndvi":-0.11993,"faults":500,"profile":0.00229,"plan":0.02385,"dusaf":3,"dtm":2241},"geometry":{"type":"Point","coordinates":[9.820504491502971,46.28542822710981]}},{"type":"Feature","id":622,"properties":{"fid":622,"Hazard":2,"Train_Test":"Training","aspect":270,"roads":9999,"rivers":9999,"ndvi":0.3308,"faults":500,"profile":0.01757,"plan":0,"dusaf":3,"dtm":2207},"geometry":{"type":"Point","coordinates":[9.84932285092914,46.31899388607778]}},{"type":"Feature","id":623,"properties":{"fid":623,"Hazard":2,"Train_Test":"Training","aspect":135,"roads":100,"rivers":100,"ndvi":0.75553,"faults":500,"profile":0,"plan":0,"dusaf":3,"dtm":1579},"geometry":{"type":"Point","coordinates":[9.798796520988367,46.31752442124742]}},{"type":"Feature","id":624,"properties":{"fid":624,"Hazard":2,"Train_Test":"Training","aspect":78.69007,"roads":9999,"rivers":9999,"ndvi":-0.01974,"faults":500,"profile":0.01686,"plan":0.03168,"dusaf":3,"dtm":2424},"geometry":{"type":"Point","coordinates":[9.795583329694361,46.3362382492021]}},{"type":"Feature","id":625,"properties":{"fid":625,"Hazard":2,"Train_Test":"Training","aspect":90,"roads":50,"rivers":50,"ndvi":0.03742,"faults":500,"profile":0.05044,"plan":0,"dusaf":13,"dtm":1145},"geometry":{"type":"Point","coordinates":[9.844613898412018,46.28251121496221]}},{"type":"Feature","id":626,"properties":{"fid":626,"Hazard":2,"Train_Test":"Training","aspect":180,"roads":9999,"rivers":50,"ndvi":0.77189,"faults":9999,"profile":0.01757,"plan":0,"dusaf":3,"dtm":1789},"geometry":{"type":"Point","coordinates":[9.83220609117094,46.317743574731324]}},{"type":"Feature","id":627,"properties":{"fid":627,"Hazard":2,"Train_Test":"Training","aspect":78.69007,"roads":250,"rivers":250,"ndvi":0.53419,"faults":9999,"profile":-0.01142,"plan":-0.04677,"dusaf":3,"dtm":1236},"geometry":{"type":"Point","coordinates":[9.842031650158154,46.28300642070226]}},{"type":"Feature","id":628,"properties":{"fid":628,"Hazard":2,"Train_Test":"Training","aspect":153.43495,"roads":9999,"rivers":9999,"ndvi":0.56165,"faults":9999,"profile":0.00229,"plan":0.02385,"dusaf":3,"dtm":2014},"geometry":{"type":"Point","coordinates":[9.787767306884938,46.32298108687805]}},{"type":"Feature","id":629,"properties":{"fid":629,"Hazard":2,"Train_Test":"Training","aspect":54.46232,"roads":500,"rivers":500,"ndvi":0.61074,"faults":9999,"profile":0.01284,"plan":0.01225,"dusaf":3,"dtm":1670},"geometry":{"type":"Point","coordinates":[9.829456129039366,46.29748316405767]}},{"type":"Feature","id":630,"properties":{"fid":630,"Hazard":2,"Train_Test":"Training","aspect":104.03625,"roads":9999,"rivers":9999,"ndvi":0.40118,"faults":250,"profile":-0.00432,"plan":0.01141,"dusaf":3,"dtm":2454},"geometry":{"type":"Point","coordinates":[9.786794748149772,46.33080942043177]}},{"type":"Feature","id":631,"properties":{"fid":631,"Hazard":2,"Train_Test":"Training","aspect":270,"roads":250,"rivers":500,"ndvi":0.71898,"faults":9999,"profile":-0.01757,"plan":0,"dusaf":2,"dtm":1499},"geometry":{"type":"Point","coordinates":[9.835059216655994,46.304789436433886]}},{"type":"Feature","id":632,"properties":{"fid":632,"Hazard":2,"Train_Test":"Training","aspect":19.65382,"roads":9999,"rivers":500,"ndvi":0.60198,"faults":100,"profile":0.0026,"plan":0.00341,"dusaf":3,"dtm":1516},"geometry":{"type":"Point","coordinates":[9.825311052582844,46.30352613726316]}},{"type":"Feature","id":633,"properties":{"fid":633,"Hazard":2,"Train_Test":"Training","aspect":225,"roads":50,"rivers":100,"ndvi":0.32628,"faults":250,"profile":-0.00971,"plan":-0.21213,"dusaf":2,"dtm":1594},"geometry":{"type":"Point","coordinates":[9.792458552958008,46.3167707925749]}},{"type":"Feature","id":634,"properties":{"fid":634,"Hazard":2,"Train_Test":"Training","aspect":243.43495,"roads":9999,"rivers":500,"ndvi":0.64964,"faults":9999,"profile":-0.00372,"plan":-0.07155,"dusaf":3,"dtm":2100},"geometry":{"type":"Point","coordinates":[9.844135652182011,46.32359153452043]}},{"type":"Feature","id":635,"properties":{"fid":635,"Hazard":2,"Train_Test":"Training","aspect":270,"roads":9999,"rivers":9999,"ndvi":0.04994,"faults":250,"profile":-0.0197,"plan":0,"dusaf":3,"dtm":2400},"geometry":{"type":"Point","coordinates":[9.809671643552228,46.33935375618189]}},{"type":"Feature","id":636,"properties":{"fid":636,"Hazard":2,"Train_Test":"Training","aspect":180,"roads":9999,"rivers":9999,"ndvi":0.58758,"faults":9999,"profile":0,"plan":0,"dusaf":3,"dtm":1942},"geometry":{"type":"Point","coordinates":[9.860596402735052,46.30712866817926]}},{"type":"Feature","id":637,"properties":{"fid":637,"Hazard":2,"Train_Test":"Training","aspect":90,"roads":9999,"rivers":9999,"ndvi":0.04735,"faults":250,"profile":-0.011,"plan":0,"dusaf":3,"dtm":2371},"geometry":{"type":"Point","coordinates":[9.817050985881417,46.287066919204605]}},{"type":"Feature","id":638,"properties":{"fid":638,"Hazard":2,"Train_Test":"Training","aspect":175.23636,"roads":500,"rivers":500,"ndvi":0.6777,"faults":500,"profile":-0.00004,"plan":-0.01649,"dusaf":3,"dtm":1943},"geometry":{"type":"Point","coordinates":[9.800251405345435,46.32269069411009]}},{"type":"Feature","id":639,"properties":{"fid":639,"Hazard":2,"Train_Test":"Training","aspect":225,"roads":250,"rivers":50,"ndvi":0.0348,"faults":500,"profile":-0.00971,"plan":-0.21213,"dusaf":5,"dtm":1384},"geometry":{"type":"Point","coordinates":[9.834239448845745,46.30017615144056]}},{"type":"Feature","id":640,"properties":{"fid":640,"Hazard":2,"Train_Test":"Training","aspect":225,"roads":9999,"rivers":9999,"ndvi":-0.06059,"faults":500,"profile":0.00659,"plan":-0.01768,"dusaf":3,"dtm":2683},"geometry":{"type":"Point","coordinates":[9.82410610704328,46.34201711871731]}},{"type":"Feature","id":641,"properties":{"fid":641,"Hazard":2,"Train_Test":"Training","aspect":191.30994,"roads":250,"rivers":500,"ndvi":0.74246,"faults":9999,"profile":-0.01414,"plan":-0.03922,"dusaf":3,"dtm":1618},"geometry":{"type":"Point","coordinates":[9.815137369254352,46.31635023917242]}},{"type":"Feature","id":642,"properties":{"fid":642,"Hazard":2,"Train_Test":"Training","aspect":216.8699,"roads":250,"rivers":9999,"ndvi":0.87778,"faults":500,"profile":-0.03034,"plan":-0.0352,"dusaf":3,"dtm":1530},"geometry":{"type":"Point","coordinates":[9.846259182351847,46.29418470094535]}},{"type":"Feature","id":643,"properties":{"fid":643,"Hazard":2,"Train_Test":"Training","aspect":171.8699,"roads":500,"rivers":9999,"ndvi":0.82923,"faults":500,"profile":-0.01241,"plan":-0.02432,"dusaf":3,"dtm":1933},"geometry":{"type":"Point","coordinates":[9.798907176582459,46.32250568464891]}},{"type":"Feature","id":644,"properties":{"fid":644,"Hazard":2,"Train_Test":"Training","aspect":180,"roads":9999,"rivers":9999,"ndvi":0.69617,"faults":9999,"profile":0.01905,"plan":0,"dusaf":3,"dtm":1351},"geometry":{"type":"Point","coordinates":[9.861517047994406,46.28001748520805]}},{"type":"Feature","id":645,"properties":{"fid":645,"Hazard":2,"Train_Test":"Training","aspect":81.8699,"roads":9999,"rivers":9999,"ndvi":0.15923,"faults":500,"profile":0.01089,"plan":0.02828,"dusaf":3,"dtm":2048},"geometry":{"type":"Point","coordinates":[9.82580413282446,46.28428190071085]}},{"type":"Feature","id":646,"properties":{"fid":646,"Hazard":2,"Train_Test":"Training","aspect":225,"roads":250,"rivers":500,"ndvi":0.61769,"faults":9999,"profile":0.0078,"plan":0.07071,"dusaf":2,"dtm":1492},"geometry":{"type":"Point","coordinates":[9.83400594377435,46.30598086591883]}},{"type":"Feature","id":647,"properties":{"fid":647,"Hazard":2,"Train_Test":"Training","aspect":180,"roads":500,"rivers":500,"ndvi":0.79121,"faults":9999,"profile":-0.01905,"plan":0,"dusaf":3,"dtm":1820},"geometry":{"type":"Point","coordinates":[9.79851856458292,46.32113365823622]}},{"type":"Feature","id":648,"properties":{"fid":648,"Hazard":2,"Train_Test":"Training","aspect":225,"roads":9999,"rivers":100,"ndvi":-0.05052,"faults":9999,"profile":0.00544,"plan":0.04243,"dusaf":3,"dtm":2753},"geometry":{"type":"Point","coordinates":[9.852615959230812,46.336977545707086]}},{"type":"Feature","id":649,"properties":{"fid":649,"Hazard":2,"Train_Test":"Training","aspect":201.80141,"roads":9999,"rivers":9999,"ndvi":0.19171,"faults":9999,"profile":-0.01177,"plan":-0.00512,"dusaf":3,"dtm":2569},"geometry":{"type":"Point","coordinates":[9.815230756224354,46.342560366073215]}},{"type":"Feature","id":650,"properties":{"fid":650,"Hazard":2,"Train_Test":"Training","aspect":38.65981,"roads":500,"rivers":250,"ndvi":0.68297,"faults":500,"profile":-0.00146,"plan":-0.02743,"dusaf":3,"dtm":1514},"geometry":{"type":"Point","coordinates":[9.820352125781026,46.3076355956301]}},{"type":"Feature","id":651,"properties":{"fid":651,"Hazard":2,"Train_Test":"Training","aspect":153.43495,"roads":100,"rivers":50,"ndvi":0.56164,"faults":9999,"profile":-0.00372,"plan":-0.07155,"dusaf":3,"dtm":1446},"geometry":{"type":"Point","coordinates":[9.825369777234629,46.30909434286569]}},{"type":"Feature","id":652,"properties":{"fid":652,"Hazard":2,"Train_Test":"Training","aspect":201.80141,"roads":500,"rivers":9999,"ndvi":0.69458,"faults":500,"profile":0.00706,"plan":0.01793,"dusaf":3,"dtm":1735},"geometry":{"type":"Point","coordinates":[9.814954964976353,46.31894575351027]}},{"type":"Feature","id":653,"properties":{"fid":653,"Hazard":2,"Train_Test":"Training","aspect":185.71059,"roads":9999,"rivers":9999,"ndvi":0.1408,"faults":100,"profile":0.00132,"plan":-0.02364,"dusaf":3,"dtm":2425},"geometry":{"type":"Point","coordinates":[9.883090331025517,46.31019164284453]}},{"type":"Feature","id":654,"properties":{"fid":654,"Hazard":2,"Train_Test":"Training","aspect":33.69007,"roads":9999,"rivers":500,"ndvi":0.61863,"faults":250,"profile":0.01921,"plan":-0.00853,"dusaf":3,"dtm":1701},"geometry":{"type":"Point","coordinates":[9.817824325456176,46.305745798563564]}},{"type":"Feature","id":655,"properties":{"fid":655,"Hazard":2,"Train_Test":"Training","aspect":258.69006,"roads":500,"rivers":9999,"ndvi":0.65275,"faults":9999,"profile":0.0223,"plan":0.01659,"dusaf":3,"dtm":1438},"geometry":{"type":"Point","coordinates":[9.86577149671738,46.27816036594642]}},{"type":"Feature","id":656,"properties":{"fid":656,"Hazard":2,"Train_Test":"Training","aspect":258.69006,"roads":500,"rivers":9999,"ndvi":0.65275,"faults":9999,"profile":0.0223,"plan":0.01659,"dusaf":3,"dtm":1438},"geometry":{"type":"Point","coordinates":[9.86577149671738,46.27816036594642]}},{"type":"Feature","id":657,"properties":{"fid":657,"Hazard":2,"Train_Test":"Training","aspect":225,"roads":50,"rivers":500,"ndvi":0.72111,"faults":9999,"profile":-0.0156,"plan":-0.04714,"dusaf":3,"dtm":1501},"geometry":{"type":"Point","coordinates":[9.814189239013839,46.31504478642734]}},{"type":"Feature","id":658,"properties":{"fid":658,"Hazard":2,"Train_Test":"Training","aspect":208.61046,"roads":250,"rivers":500,"ndvi":0.67603,"faults":9999,"profile":0.01005,"plan":0.01484,"dusaf":3,"dtm":1598},"geometry":{"type":"Point","coordinates":[9.815295929448107,46.316082854502106]}},{"type":"Feature","id":659,"properties":{"fid":659,"Hazard":2,"Train_Test":"Training","aspect":180,"roads":250,"rivers":100,"ndvi":0.61054,"faults":9999,"profile":0.0197,"plan":0,"dusaf":14,"dtm":960},"geometry":{"type":"Point","coordinates":[9.854509400891999,46.27089558054077]}},{"type":"Feature","id":660,"properties":{"fid":660,"Hazard":2,"Train_Test":"Training","aspect":99.46232,"roads":50,"rivers":100,"ndvi":0.26398,"faults":9999,"profile":0.02461,"plan":0.03377,"dusaf":13,"dtm":1171},"geometry":{"type":"Point","coordinates":[9.844133439671303,46.282490721675025]}},{"type":"Feature","id":661,"properties":{"fid":661,"Hazard":2,"Train_Test":"Training","aspect":243.43495,"roads":9999,"rivers":9999,"ndvi":0.85507,"faults":500,"profile":-0.00331,"plan":0.00894,"dusaf":3,"dtm":1753},"geometry":{"type":"Point","coordinates":[9.85640373534348,46.293719630230065]}},{"type":"Feature","id":662,"properties":{"fid":662,"Hazard":2,"Train_Test":"Training","aspect":180,"roads":50,"rivers":250,"ndvi":0.60625,"faults":500,"profile":0,"plan":0,"dusaf":2,"dtm":1614},"geometry":{"type":"Point","coordinates":[9.792093648324204,46.31801161340379]}},{"type":"Feature","id":663,"properties":{"fid":663,"Hazard":2,"Train_Test":"Training","aspect":270,"roads":50,"rivers":250,"ndvi":0.55096,"faults":500,"profile":0.01431,"plan":0,"dusaf":2,"dtm":1470},"geometry":{"type":"Point","coordinates":[9.833832031462242,46.30417522939939]}},{"type":"Feature","id":664,"properties":{"fid":664,"Hazard":2,"Train_Test":"Training","aspect":126.8699,"roads":9999,"rivers":500,"ndvi":0.76502,"faults":500,"profile":0.00515,"plan":0.0256,"dusaf":3,"dtm":1735},"geometry":{"type":"Point","coordinates":[9.770055790706978,46.31460840945075]}},{"type":"Feature","id":665,"properties":{"fid":665,"Hazard":2,"Train_Test":"Training","aspect":165.96376,"roads":9999,"rivers":9999,"ndvi":0.00285,"faults":500,"profile":-0.00279,"plan":0.05707,"dusaf":3,"dtm":2506},"geometry":{"type":"Point","coordinates":[9.80569890811336,46.34111445897554]}},{"type":"Feature","id":666,"properties":{"fid":666,"Hazard":2,"Train_Test":"Training","aspect":168.69006,"roads":9999,"rivers":9999,"ndvi":0.08473,"faults":250,"profile":0.03318,"plan":-0.01358,"dusaf":3,"dtm":2440},"geometry":{"type":"Point","coordinates":[9.807878989090751,46.340122682150565]}},{"type":"Feature","id":667,"properties":{"fid":667,"Hazard":2,"Train_Test":"Training","aspect":225,"roads":500,"rivers":500,"ndvi":0.58947,"faults":9999,"profile":0.0234,"plan":0.02357,"dusaf":2,"dtm":1660},"geometry":{"type":"Point","coordinates":[9.822680176096007,46.31533515459885]}},{"type":"Feature","id":668,"properties":{"fid":668,"Hazard":2,"Train_Test":"Training","aspect":225,"roads":500,"rivers":500,"ndvi":0.58947,"faults":9999,"profile":0.0234,"plan":0.02357,"dusaf":2,"dtm":1660},"geometry":{"type":"Point","coordinates":[9.822680176096007,46.31533515459885]}},{"type":"Feature","id":669,"properties":{"fid":669,"Hazard":2,"Train_Test":"Training","aspect":198.43495,"roads":9999,"rivers":9999,"ndvi":0.00293,"faults":9999,"profile":0.01213,"plan":0.08222,"dusaf":3,"dtm":2532},"geometry":{"type":"Point","coordinates":[9.813336027545716,46.342106448397374]}},{"type":"Feature","id":670,"properties":{"fid":670,"Hazard":2,"Train_Test":"Training","aspect":189.46233,"roads":9999,"rivers":9999,"ndvi":0.29822,"faults":9999,"profile":0.02865,"plan":0.0231,"dusaf":3,"dtm":2641},"geometry":{"type":"Point","coordinates":[9.81758189835301,46.34264336979352]}},{"type":"Feature","id":671,"properties":{"fid":671,"Hazard":2,"Train_Test":"Training","aspect":236.30994,"roads":250,"rivers":250,"ndvi":0.56514,"faults":9999,"profile":0.00384,"plan":0.04267,"dusaf":3,"dtm":1101},"geometry":{"type":"Point","coordinates":[9.856034505503292,46.27729505373134]}},{"type":"Feature","id":672,"properties":{"fid":672,"Hazard":2,"Train_Test":"Training","aspect":203.19859,"roads":9999,"rivers":9999,"ndvi":0.56907,"faults":9999,"profile":-0.01372,"plan":-0.01675,"dusaf":3,"dtm":1964},"geometry":{"type":"Point","coordinates":[9.792291255545045,46.32442991685724]}},{"type":"Feature","id":673,"properties":{"fid":673,"Hazard":2,"Train_Test":"Training","aspect":299.74487,"roads":9999,"rivers":9999,"ndvi":0.63668,"faults":500,"profile":0.00711,"plan":0.00611,"dusaf":3,"dtm":1765},"geometry":{"type":"Point","coordinates":[9.855959565152418,46.290706732611966]}},{"type":"Feature","id":674,"properties":{"fid":674,"Hazard":2,"Train_Test":"Training","aspect":80.53768,"roads":9999,"rivers":9999,"ndvi":-0.09135,"faults":250,"profile":-0.00034,"plan":-0.03199,"dusaf":3,"dtm":2319},"geometry":{"type":"Point","coordinates":[9.8180340602213,46.286626530139564]}},{"type":"Feature","id":675,"properties":{"fid":675,"Hazard":2,"Train_Test":"Training","aspect":293.19858,"roads":9999,"rivers":9999,"ndvi":0.73872,"faults":9999,"profile":-0.00642,"plan":-0.03577,"dusaf":3,"dtm":1354},"geometry":{"type":"Point","coordinates":[9.863688558265704,46.277638159567026]}},{"type":"Feature","id":676,"properties":{"fid":676,"Hazard":2,"Train_Test":"Training","aspect":293.19858,"roads":9999,"rivers":9999,"ndvi":0.73872,"faults":9999,"profile":-0.00642,"plan":-0.03577,"dusaf":3,"dtm":1354},"geometry":{"type":"Point","coordinates":[9.863688558265704,46.277638159567026]}},{"type":"Feature","id":677,"properties":{"fid":677,"Hazard":2,"Train_Test":"Training","aspect":189.46233,"roads":9999,"rivers":9999,"ndvi":0.42839,"faults":500,"profile":-0.00169,"plan":0.03732,"dusaf":3,"dtm":2213},"geometry":{"type":"Point","coordinates":[9.79163783825528,46.328421128956585]}},{"type":"Feature","id":678,"properties":{"fid":678,"Hazard":2,"Train_Test":"Training","aspect":191.30994,"roads":9999,"rivers":9999,"ndvi":0.43895,"faults":500,"profile":0.01414,"plan":0.03922,"dusaf":3,"dtm":2235},"geometry":{"type":"Point","coordinates":[9.79144930730416,46.32879388423352]}},{"type":"Feature","id":679,"properties":{"fid":679,"Hazard":2,"Train_Test":"Training","aspect":239.03624,"roads":9999,"rivers":9999,"ndvi":0.41112,"faults":500,"profile":0.03451,"plan":-0.0918,"dusaf":3,"dtm":1378},"geometry":{"type":"Point","coordinates":[9.856831040393823,46.28183395046413]}},{"type":"Feature","id":680,"properties":{"fid":680,"Hazard":2,"Train_Test":"Training","aspect":200.55605,"roads":9999,"rivers":9999,"ndvi":0.37072,"faults":100,"profile":-0.00108,"plan":-0.02052,"dusaf":3,"dtm":2013},"geometry":{"type":"Point","coordinates":[9.85467606777179,46.31168873508419]}},{"type":"Feature","id":681,"properties":{"fid":681,"Hazard":2,"Train_Test":"Training","aspect":206.56505,"roads":9999,"rivers":9999,"ndvi":0.6122,"faults":9999,"profile":0.03346,"plan":-0.07155,"dusaf":3,"dtm":2190},"geometry":{"type":"Point","coordinates":[9.771026951107716,46.32275547906308]}},{"type":"Feature","id":682,"properties":{"fid":682,"Hazard":2,"Train_Test":"Training","aspect":210.96376,"roads":9999,"rivers":9999,"ndvi":0.10676,"faults":500,"profile":-0.01744,"plan":0.04641,"dusaf":3,"dtm":2543},"geometry":{"type":"Point","coordinates":[9.807659382738857,46.34196101770127]}},{"type":"Feature","id":683,"properties":{"fid":683,"Hazard":2,"Train_Test":"Training","aspect":225,"roads":50,"rivers":250,"ndvi":0.66056,"faults":9999,"profile":-0.02912,"plan":-0.07071,"dusaf":2,"dtm":1460},"geometry":{"type":"Point","coordinates":[9.828159279118864,46.30921215129263]}},{"type":"Feature","id":684,"properties":{"fid":684,"Hazard":2,"Train_Test":"Testing","aspect":180,"roads":100,"rivers":50,"ndvi":0.52114,"faults":9999,"profile":0.01757,"plan":0.13333,"dusaf":3,"dtm":1474},"geometry":{"type":"Point","coordinates":[9.82563368512279,46.31050460574352]}},{"type":"Feature","id":685,"properties":{"fid":685,"Hazard":2,"Train_Test":"Training","aspect":219.80557,"roads":9999,"rivers":9999,"ndvi":0.28852,"faults":9999,"profile":0.01364,"plan":-0.01008,"dusaf":3,"dtm":2300},"geometry":{"type":"Point","coordinates":[9.771124980947368,46.32477368815204]}},{"type":"Feature","id":686,"properties":{"fid":686,"Hazard":2,"Train_Test":"Training","aspect":315,"roads":500,"rivers":9999,"ndvi":0.77517,"faults":9999,"profile":-0.00659,"plan":0.01768,"dusaf":3,"dtm":1396},"geometry":{"type":"Point","coordinates":[9.86481534001523,46.27882482658985]}},{"type":"Feature","id":687,"properties":{"fid":687,"Hazard":2,"Train_Test":"Training","aspect":315,"roads":500,"rivers":9999,"ndvi":0.77517,"faults":9999,"profile":-0.00659,"plan":0.01768,"dusaf":3,"dtm":1396},"geometry":{"type":"Point","coordinates":[9.86481534001523,46.27882482658985]}},{"type":"Feature","id":688,"properties":{"fid":688,"Hazard":2,"Train_Test":"Training","aspect":225,"roads":9999,"rivers":50,"ndvi":0.6168,"faults":500,"profile":-0.01941,"plan":-0.14142,"dusaf":3,"dtm":1828},"geometry":{"type":"Point","coordinates":[9.83550626529212,46.31754150775277]}},{"type":"Feature","id":689,"properties":{"fid":689,"Hazard":2,"Train_Test":"Training","aspect":270,"roads":9999,"rivers":9999,"ndvi":0.21482,"faults":500,"profile":0,"plan":0,"dusaf":3,"dtm":2226},"geometry":{"type":"Point","coordinates":[9.849291122678277,46.32291730992729]}},{"type":"Feature","id":690,"properties":{"fid":690,"Hazard":2,"Train_Test":"Training","aspect":209.74489,"roads":9999,"rivers":9999,"ndvi":0.58763,"faults":500,"profile":-0.00045,"plan":0.00191,"dusaf":3,"dtm":2135},"geometry":{"type":"Point","coordinates":[9.8620929977577,46.30921954703475]}},{"type":"Feature","id":691,"properties":{"fid":691,"Hazard":2,"Train_Test":"Training","roads":100,"rivers":50,"ndvi":0.56244,"faults":500,"profile":0,"plan":0,"dusaf":3,"dtm":1440},"geometry":{"type":"Point","coordinates":[9.825345440074472,46.30876783499114]}},{"type":"Feature","id":692,"properties":{"fid":692,"Hazard":2,"Train_Test":"Training","aspect":225,"roads":250,"rivers":500,"ndvi":0.61912,"faults":9999,"profile":0.00891,"plan":-0.03536,"dusaf":2,"dtm":1493},"geometry":{"type":"Point","coordinates":[9.834362179204257,46.30574111044753]}},{"type":"Feature","id":693,"properties":{"fid":693,"Hazard":2,"Train_Test":"Training","aspect":57.52881,"roads":9999,"rivers":9999,"ndvi":0.03754,"faults":50,"profile":-0.01063,"plan":0.0055,"dusaf":3,"dtm":2286},"geometry":{"type":"Point","coordinates":[9.80993117517181,46.29912657413289]}},{"type":"Feature","id":694,"properties":{"fid":694,"Hazard":2,"Train_Test":"Training","aspect":90,"roads":9999,"rivers":250,"ndvi":0.61393,"faults":100,"profile":0.01414,"plan":0.04,"dusaf":3,"dtm":2036},"geometry":{"type":"Point","coordinates":[9.804544921041423,46.329658753442466]}},{"type":"Feature","id":695,"properties":{"fid":695,"Hazard":2,"Train_Test":"Training","aspect":218.65981,"roads":9999,"rivers":9999,"ndvi":0.58561,"faults":50,"profile":0.00961,"plan":-0.05637,"dusaf":3,"dtm":2119},"geometry":{"type":"Point","coordinates":[9.854327196182426,46.312963009484776]}},{"type":"Feature","id":696,"properties":{"fid":696,"Hazard":2,"Train_Test":"Training","aspect":231.34019,"roads":9999,"rivers":9999,"ndvi":-0.03469,"faults":50,"profile":-0.00728,"plan":-0.01219,"dusaf":3,"dtm":2592},"geometry":{"type":"Point","coordinates":[9.854864577794215,46.33033508938461]}},{"type":"Feature","id":697,"properties":{"fid":697,"Hazard":2,"Train_Test":"Training","aspect":180,"roads":9999,"rivers":50,"ndvi":0.54403,"faults":9999,"profile":0,"plan":0,"dusaf":3,"dtm":2200},"geometry":{"type":"Point","coordinates":[9.84147732006416,46.32847609581382]}},{"type":"Feature","id":698,"properties":{"fid":698,"Hazard":2,"Train_Test":"Training","aspect":233.1301,"roads":500,"rivers":500,"ndvi":0.83135,"faults":9999,"profile":0.00679,"plan":-0.0192,"dusaf":3,"dtm":1808},"geometry":{"type":"Point","coordinates":[9.784812505276618,46.31866853350249]}},{"type":"Feature","id":699,"properties":{"fid":699,"Hazard":2,"Train_Test":"Training","aspect":75.96375,"roads":250,"rivers":50,"ndvi":0.51113,"faults":9999,"profile":0.00279,"plan":-0.05707,"dusaf":3,"dtm":1177},"geometry":{"type":"Point","coordinates":[9.84149892850828,46.284634004643124]}},{"type":"Feature","id":700,"properties":{"fid":700,"Hazard":2,"Train_Test":"Training","aspect":216.8699,"roads":9999,"rivers":9999,"ndvi":0.75078,"faults":500,"profile":0.01202,"plan":0.0064,"dusaf":3,"dtm":1736},"geometry":{"type":"Point","coordinates":[9.855252770404189,46.293990516234125]}}]}